GeoFips,GeoName,2020-2023
1001,"Autauga, AL",5.6
1003,"Baldwin, AL",6.2
1005,"Barbour, AL",3.9
1007,"Bibb, AL",4.6
1009,"Blount, AL",6.0
1011,"Bullock, AL",5.5
1013,"Butler, AL",7.6
1015,"Calhoun, AL",4.2
1017,"Chambers, AL",4.2
1019,"Cherokee, AL",4.2
1021,"Chilton, AL",6.4
1023,"Choctaw, AL",6.8
1025,"Clarke, AL",4.8
1027,"Clay, AL",3.8
1029,"Cleburne, AL",5.4
1031,"Coffee, AL",5.9
1033,"Colbert, AL",5.3
1035,"Conecuh, AL",5.1
1037,"Coosa, AL",4.2
1039,"Covington, AL",4.4
1041,"Crenshaw, AL",6.2
1043,"Cullman, AL",7.0
1045,"Dale, AL",4.6
1047,"Dallas, AL",5.1
1049,"DeKalb, AL",6.1
1051,"Elmore, AL",5.3
1053,"Escambia, AL",5.2
1055,"Etowah, AL",4.5
1057,"Fayette, AL",3.5
1059,"Franklin, AL",5.0
1061,"Geneva, AL",4.5
1063,"Greene, AL",2.8
1065,"Hale, AL",3.8
1067,"Henry, AL",4.6
1069,"Houston, AL",4.8
1071,"Jackson, AL",5.2
1073,"Jefferson, AL",7.1
1075,"Lamar, AL",4.1
1077,"Lauderdale, AL",3.9
1079,"Lawrence, AL",5.6
1081,"Lee, AL",5.7
1083,"Limestone, AL",6.5
1085,"Lowndes, AL",6.4
1087,"Macon, AL",5.8
1089,"Madison, AL",5.6
1091,"Marengo, AL",4.7
1093,"Marion, AL",6.8
1095,"Marshall, AL",5.7
1097,"Mobile, AL",5.9
1099,"Monroe, AL",4.1
1101,"Montgomery, AL",5.4
1103,"Morgan, AL",4.7
1105,"Perry, AL",4.7
1107,"Pickens, AL",2.8
1109,"Pike, AL",6.4
1111,"Randolph, AL",5.0
1113,"Russell, AL",4.8
1115,"St. Clair, AL",5.4
1117,"Shelby, AL",6.1
1119,"Sumter, AL",4.8
1121,"Talladega, AL",4.6
1123,"Tallapoosa, AL",5.3
1125,"Tuscaloosa, AL",4.0
1127,"Walker, AL",6.4
1129,"Washington, AL",4.7
1131,"Wilcox, AL",5.3
1133,"Winston, AL",4.4
2010,"Aleutian Islands Census Area, AK*",(NA)
2013,"Aleutians East Borough, AK*",4.8
2016,"Aleutians West Census Area, AK*",4.9
2020,"Anchorage Municipality, AK",5.3
2050,"Bethel Census Area, AK*",2.3
2060,"Bristol Bay Borough, AK",6.4
2063,"Chugach Census Area, AK*",7.1
2066,"Copper River Census Area, AK*",6.1
2068,"Denali Borough, AK*",12.9
2070,"Dillingham Census Area, AK*",4.6
2090,"Fairbanks North Star Borough, AK",5.0
2100,"Haines Borough, AK*",6.3
2105,"Hoonah-Angoon Census Area, AK*",9.8
2110,"Juneau City and Borough, AK",5.2
2122,"Kenai Peninsula Borough, AK*",3.6
2130,"Ketchikan Gateway Borough, AK*",5.0
2150,"Kodiak Island Borough, AK",5.4
2158,"Kusilvak Census Area, AK*",4.3
2164,"Lake and Peninsula Borough, AK*",8.9
2170,"Matanuska-Susitna Borough, AK",5.0
2180,"Nome Census Area, AK",5.7
2185,"North Slope Borough, AK*",4.0
2188,"Northwest Arctic Borough, AK",5.5
2195,"Petersburg Borough, AK*",4.5
2198,"Prince of Wales-Hyder Census Area, AK*",2.3
2201,"Prince of Wales-Outer Ketchikan Census Area, AK*",(NA)
2220,"Sitka City and Borough, AK*",7.9
2230,"Skagway Municipality, AK*",12.5
2231,"Skagway-Yakutat-Angoon Census Area, AK*",(NA)
2232,"Skagway-Hoonah-Angoon Census Area, AK*",(NA)
2240,"Southeast Fairbanks Census Area, AK*",5.7
2261,"Valdez-Cordova Census Area, AK*",(NA)
2275,"Wrangell City and Borough, AK*",5.3
2280,"Wrangell-Petersburg Census Area, AK*",(NA)
2282,"Yakutat City and Borough, AK*",3.4
2290,"Yukon-Koyukuk Census Area, AK*",6.4
2901,"Aleutian Islands Division, AK*",(NA)
2903,"Angoon Division, AK*",(NA)
2904,"Barrow-North Slope Division, AK*",(NA)
2905,"Bethel Division, AK*",(NA)
2907,"Bristol Bay Division, AK*",(NA)
2908,"Cordova-McCarthy Division, AK*",(NA)
2910,"Haines Division, AK*",(NA)
2912,"Kenai-Cook Inlet Division, AK*",(NA)
2916,"Kuskokwim Division, AK*",(NA)
2919,"Outer Ketchikan Division, AK*",(NA)
2920,"Prince of Wales Division, AK*",(NA)
2921,"Seward Division, AK*",(NA)
2922,"Sitka Division, AK*",(NA)
2923,"Skagway-Yakutat Division, AK*",(NA)
2924,"Southeast Fairbanks Division, AK*",(NA)
2925,"Upper Yukon Division, AK*",(NA)
2926,"Valdez-Chitina-Whittier Division, AK*",(NA)
2928,"Wrangell-Petersburg Division, AK*",(NA)
2929,"Yukon-Koyukuk Division, AK*",(NA)
4001,"Apache, AZ",4.4
4003,"Cochise, AZ",4.4
4005,"Coconino, AZ",5.5
4007,"Gila, AZ",5.6
4009,"Graham, AZ",6.0
4011,"Greenlee, AZ",9.9
4012,"La Paz, AZ*",8.2
4013,"Maricopa, AZ",6.7
4015,"Mohave, AZ",6.2
4017,"Navajo, AZ",5.0
4019,"Pima, AZ",5.5
4021,"Pinal, AZ",6.7
4023,"Santa Cruz, AZ",4.6
4025,"Yavapai, AZ",6.0
4027,"Yuma, AZ*",3.4
5001,"Arkansas, AR",7.2
5003,"Ashley, AR",5.4
5005,"Baxter, AR",4.4
5007,"Benton, AR",14.0
5009,"Boone, AR",4.8
5011,"Bradley, AR",3.9
5013,"Calhoun, AR",4.8
5015,"Carroll, AR",6.0
5017,"Chicot, AR",4.0
5019,"Clark, AR",2.2
5021,"Clay, AR",5.4
5023,"Cleburne, AR",5.3
5025,"Cleveland, AR",6.5
5027,"Columbia, AR",5.5
5029,"Conway, AR",5.7
5031,"Craighead, AR",5.5
5033,"Crawford, AR",4.5
5035,"Crittenden, AR",4.2
5037,"Cross, AR",4.2
5039,"Dallas, AR",3.8
5041,"Desha, AR",5.0
5043,"Drew, AR",4.4
5045,"Faulkner, AR",4.7
5047,"Franklin, AR",6.3
5049,"Fulton, AR",3.6
5051,"Garland, AR",5.2
5053,"Grant, AR",5.2
5055,"Greene, AR",3.6
5057,"Hempstead, AR",5.7
5059,"Hot Spring, AR",4.5
5061,"Howard, AR",7.3
5063,"Independence, AR",7.0
5065,"Izard, AR",5.2
5067,"Jackson, AR",5.7
5069,"Jefferson, AR",3.9
5071,"Johnson, AR",3.8
5073,"Lafayette, AR",7.4
5075,"Lawrence, AR",3.8
5077,"Lee, AR",4.2
5079,"Lincoln, AR",3.5
5081,"Little River, AR",4.5
5083,"Logan, AR",4.6
5085,"Lonoke, AR",5.0
5087,"Madison, AR",6.7
5089,"Marion, AR",5.1
5091,"Miller, AR",3.8
5093,"Mississippi, AR",7.6
5095,"Monroe, AR",5.0
5097,"Montgomery, AR",5.3
5099,"Nevada, AR",4.2
5101,"Newton, AR",4.0
5103,"Ouachita, AR",5.7
5105,"Perry, AR",5.9
5107,"Phillips, AR",5.1
5109,"Pike, AR",6.2
5111,"Poinsett, AR",6.6
5113,"Polk, AR",5.6
5115,"Pope, AR",5.1
5117,"Prairie, AR",6.4
5119,"Pulaski, AR",5.6
5121,"Randolph, AR",3.6
5123,"St. Francis, AR",3.9
5125,"Saline, AR",5.2
5127,"Scott, AR",4.9
5129,"Searcy, AR",4.1
5131,"Sebastian, AR",3.7
5133,"Sevier, AR",6.6
5135,"Sharp, AR",5.5
5137,"Stone, AR",4.6
5139,"Union, AR",4.1
5141,"Van Buren, AR",5.3
5143,"Washington, AR",4.9
5145,"White, AR",4.4
5147,"Woodruff, AR",8.0
5149,"Yell, AR",6.6
6001,"Alameda, CA",6.5
6003,"Alpine, CA",0.6
6005,"Amador, CA",1.8
6007,"Butte, CA",3.5
6009,"Calaveras, CA",2.6
6011,"Colusa, CA",1.3
6013,"Contra Costa, CA",5.5
6015,"Del Norte, CA",4.4
6017,"El Dorado, CA",4.5
6019,"Fresno, CA",3.0
6021,"Glenn, CA",2.4
6023,"Humboldt, CA",4.5
6025,"Imperial, CA",1.5
6027,"Inyo, CA",2.4
6029,"Kern, CA",2.1
6031,"Kings, CA",2.1
6033,"Lake, CA",3.1
6035,"Lassen, CA",4.8
6037,"Los Angeles, CA",4.9
6039,"Madera, CA",2.0
6041,"Marin, CA",7.5
6043,"Mariposa, CA",4.6
6045,"Mendocino, CA",4.1
6047,"Merced, CA",1.9
6049,"Modoc, CA",4.4
6051,"Mono, CA",5.3
6053,"Monterey, CA",4.4
6055,"Napa, CA",4.6
6057,"Nevada, CA",5.1
6059,"Orange, CA",5.8
6061,"Placer, CA",5.2
6063,"Plumas, CA",6.0
6065,"Riverside, CA",4.1
6067,"Sacramento, CA",4.2
6069,"San Benito, CA",3.1
6071,"San Bernardino, CA",4.1
6073,"San Diego, CA",5.4
6075,"San Francisco, CA",6.2
6077,"San Joaquin, CA",4.8
6079,"San Luis Obispo, CA",4.8
6081,"San Mateo, CA",6.9
6083,"Santa Barbara, CA",6.3
6085,"Santa Clara, CA",7.4
6087,"Santa Cruz, CA",4.7
6089,"Shasta, CA",4.0
6091,"Sierra, CA",5.5
6093,"Siskiyou, CA",3.7
6095,"Solano, CA",3.2
6097,"Sonoma, CA",4.7
6099,"Stanislaus, CA",2.9
6101,"Sutter, CA",3.0
6103,"Tehama, CA",3.5
6105,"Trinity, CA",4.8
6107,"Tulare, CA",2.0
6109,"Tuolumne, CA",4.3
6111,"Ventura, CA",4.9
6113,"Yolo, CA",4.0
6115,"Yuba, CA",3.6
8001,"Adams, CO*",6.7
8003,"Alamosa, CO",3.2
8005,"Arapahoe, CO",5.7
8007,"Archuleta, CO",5.0
8009,"Baca, CO",10.6
8011,"Bent, CO",4.5
8013,"Boulder, CO*",6.9
8014,"Broomfield, CO*",6.6
8015,"Chaffee, CO",5.9
8017,"Cheyenne, CO",22.6
8019,"Clear Creek, CO",4.6
8021,"Conejos, CO",4.5
8023,"Costilla, CO",1.5
8025,"Crowley, CO",3.9
8027,"Custer, CO",4.0
8029,"Delta, CO",5.7
8031,"Denver, CO",10.4
8033,"Dolores, CO",2.5
8035,"Douglas, CO",7.4
8037,"Eagle, CO",12.9
8039,"Elbert, CO",5.8
8041,"El Paso, CO",6.5
8043,"Fremont, CO",4.4
8045,"Garfield, CO",6.7
8047,"Gilpin, CO",7.4
8049,"Grand, CO",9.8
8051,"Gunnison, CO",8.1
8053,"Hinsdale, CO",9.7
8055,"Huerfano, CO",3.7
8057,"Jackson, CO",6.5
8059,"Jefferson, CO*",7.5
8061,"Kiowa, CO",12.6
8063,"Kit Carson, CO",10.4
8065,"Lake, CO",7.1
8067,"La Plata, CO",8.1
8069,"Larimer, CO",6.2
8071,"Las Animas, CO",3.9
8073,"Lincoln, CO",8.2
8075,"Logan, CO",8.3
8077,"Mesa, CO",6.0
8079,"Mineral, CO",5.9
8081,"Moffat, CO",5.1
8083,"Montezuma, CO",4.2
8085,"Montrose, CO",6.7
8087,"Morgan, CO",4.3
8089,"Otero, CO",3.8
8091,"Ouray, CO",6.7
8093,"Park, CO",5.8
8095,"Phillips, CO",10.1
8097,"Pitkin, CO",16.1
8099,"Prowers, CO",6.3
8101,"Pueblo, CO",4.2
8103,"Rio Blanco, CO",8.2
8105,"Rio Grande, CO",5.8
8107,"Routt, CO",13.1
8109,"Saguache, CO",2.4
8111,"San Juan, CO",1.4
8113,"San Miguel, CO",16.0
8115,"Sedgwick, CO",10.4
8117,"Summit, CO",10.7
8119,"Teller, CO",5.5
8121,"Washington, CO",7.0
8123,"Weld, CO*",6.4
8125,"Yuma, CO",11.0
9001,"Fairfield, CT",7.0
9003,"Hartford, CT",4.1
9005,"Litchfield, CT",5.9
9007,"Middlesex, CT",4.4
9009,"New Haven, CT",4.5
9011,"New London, CT",4.6
9013,"Tolland, CT",2.4
9015,"Windham, CT",3.8
10001,"Kent, DE",5.0
10003,"New Castle, DE",6.6
10005,"Sussex, DE",6.8
11001,"District of Columbia, DC",5.6
12001,"Alachua, FL",5.4
12003,"Baker, FL",7.0
12005,"Bay, FL",3.9
12007,"Bradford, FL",5.0
12009,"Brevard, FL",5.5
12011,"Broward, FL",7.7
12013,"Calhoun, FL",5.2
12015,"Charlotte, FL",4.5
12017,"Citrus, FL",4.3
12019,"Clay, FL",5.7
12021,"Collier, FL",7.0
12023,"Columbia, FL",4.7
12027,"DeSoto, FL",4.9
12029,"Dixie, FL",3.0
12031,"Duval, FL",5.7
12033,"Escambia, FL",5.2
12035,"Flagler, FL",6.2
12037,"Franklin, FL",5.4
12039,"Gadsden, FL",5.1
12041,"Gilchrist, FL",4.4
12043,"Glades, FL",1.8
12045,"Gulf, FL",3.6
12047,"Hamilton, FL",5.9
12049,"Hardee, FL",4.6
12051,"Hendry, FL",3.1
12053,"Hernando, FL",4.9
12055,"Highlands, FL",4.6
12057,"Hillsborough, FL",6.1
12059,"Holmes, FL",5.7
12061,"Indian River, FL",6.7
12063,"Jackson, FL",2.8
12065,"Jefferson, FL",3.7
12067,"Lafayette, FL",7.2
12069,"Lake, FL",6.9
12071,"Lee, FL",4.0
12073,"Leon, FL",5.1
12075,"Levy, FL",5.3
12077,"Liberty, FL",4.7
12079,"Madison, FL",5.8
12081,"Manatee, FL",5.7
12083,"Marion, FL",4.5
12085,"Martin, FL",5.8
12086,"Miami-Dade, FL",10.1
12087,"Monroe, FL",11.3
12089,"Nassau, FL",6.6
12091,"Okaloosa, FL",4.6
12093,"Okeechobee, FL",6.1
12095,"Orange, FL",6.6
12097,"Osceola, FL",6.4
12099,"Palm Beach, FL",8.8
12101,"Pasco, FL",6.9
12103,"Pinellas, FL",5.9
12105,"Polk, FL",2.9
12107,"Putnam, FL",3.9
12109,"St. Johns, FL",5.5
12111,"St. Lucie, FL",6.5
12113,"Santa Rosa, FL",5.8
12115,"Sarasota, FL",4.9
12117,"Seminole, FL",6.0
12119,"Sumter, FL",7.0
12121,"Suwannee, FL",5.6
12123,"Taylor, FL",5.6
12125,"Union, FL",5.9
12127,"Volusia, FL",5.7
12129,"Wakulla, FL",7.8
12131,"Walton, FL",7.7
12133,"Washington, FL",4.7
13001,"Appling, GA",7.1
13003,"Atkinson, GA",4.2
13005,"Bacon, GA",3.7
13007,"Baker, GA",2.2
13009,"Baldwin, GA",6.7
13011,"Banks, GA",3.8
13013,"Barrow, GA",6.8
13015,"Bartow, GA",5.7
13017,"Ben Hill, GA",6.6
13019,"Berrien, GA",3.5
13021,"Bibb, GA",3.8
13023,"Bleckley, GA",3.1
13025,"Brantley, GA",4.8
13027,"Brooks, GA",2.8
13029,"Bryan, GA",5.4
13031,"Bulloch, GA",4.5
13033,"Burke, GA",2.8
13035,"Butts, GA",6.0
13037,"Calhoun, GA",3.7
13039,"Camden, GA",5.7
13043,"Candler, GA",5.4
13045,"Carroll, GA",5.1
13047,"Catoosa, GA",5.5
13049,"Charlton, GA",4.1
13051,"Chatham, GA",4.9
13053,"Chattahoochee, GA",3.3
13055,"Chattooga, GA",4.2
13057,"Cherokee, GA",8.0
13059,"Clarke, GA",5.0
13061,"Clay, GA",0.0
13063,"Clayton, GA",2.9
13065,"Clinch, GA",3.3
13067,"Cobb, GA",6.4
13069,"Coffee, GA",4.3
13071,"Colquitt, GA",4.0
13073,"Columbia, GA",3.2
13075,"Cook, GA",3.6
13077,"Coweta, GA",5.2
13079,"Crawford, GA",3.4
13081,"Crisp, GA",4.8
13083,"Dade, GA",5.0
13085,"Dawson, GA",7.7
13087,"Decatur, GA",6.1
13089,"DeKalb, GA",6.5
13091,"Dodge, GA",3.9
13093,"Dooly, GA",2.2
13095,"Dougherty, GA",5.3
13097,"Douglas, GA",3.7
13099,"Early, GA",3.0
13101,"Echols, GA",0.9
13103,"Effingham, GA",4.1
13105,"Elbert, GA",4.4
13107,"Emanuel, GA",2.7
13109,"Evans, GA",4.4
13111,"Fannin, GA",8.2
13113,"Fayette, GA",4.0
13115,"Floyd, GA",4.6
13117,"Forsyth, GA",7.2
13119,"Franklin, GA",5.0
13121,"Fulton, GA",4.4
13123,"Gilmer, GA",7.1
13125,"Glascock, GA",2.5
13127,"Glynn, GA",6.0
13129,"Gordon, GA",6.4
13131,"Grady, GA",4.0
13133,"Greene, GA",8.8
13135,"Gwinnett, GA",5.6
13137,"Habersham, GA",3.4
13139,"Hall, GA",6.8
13141,"Hancock, GA",3.2
13143,"Haralson, GA",5.0
13145,"Harris, GA",4.4
13147,"Hart, GA",4.0
13149,"Heard, GA",5.0
13151,"Henry, GA",4.4
13153,"Houston, GA",3.4
13155,"Irwin, GA",6.7
13157,"Jackson, GA",8.1
13159,"Jasper, GA",5.6
13161,"Jeff Davis, GA",3.4
13163,"Jefferson, GA",5.4
13165,"Jenkins, GA",2.3
13167,"Johnson, GA",3.6
13169,"Jones, GA",3.7
13171,"Lamar, GA",6.3
13173,"Lanier, GA",2.1
13175,"Laurens, GA",4.5
13177,"Lee, GA",4.6
13179,"Liberty, GA",3.0
13181,"Lincoln, GA",2.7
13183,"Long, GA",4.0
13185,"Lowndes, GA",3.4
13187,"Lumpkin, GA",5.7
13189,"McDuffie, GA",2.4
13191,"McIntosh, GA",4.6
13193,"Macon, GA",5.1
13195,"Madison, GA",6.1
13197,"Marion, GA",3.5
13199,"Meriwether, GA",5.1
13201,"Miller, GA",3.5
13205,"Mitchell, GA",3.2
13207,"Monroe, GA",5.1
13209,"Montgomery, GA",2.7
13211,"Morgan, GA",5.9
13213,"Murray, GA",4.9
13215,"Muscogee, GA",5.3
13217,"Newton, GA",4.5
13219,"Oconee, GA",7.6
13221,"Oglethorpe, GA",5.8
13223,"Paulding, GA",5.1
13225,"Peach, GA",3.9
13227,"Pickens, GA",7.2
13229,"Pierce, GA",2.2
13231,"Pike, GA",5.8
13233,"Polk, GA",5.0
13235,"Pulaski, GA",3.2
13237,"Putnam, GA",6.1
13239,"Quitman, GA",-0.1
13241,"Rabun, GA",5.9
13243,"Randolph, GA",3.9
13245,"Richmond, GA",3.3
13247,"Rockdale, GA",3.6
13249,"Schley, GA",4.4
13251,"Screven, GA",3.9
13253,"Seminole, GA",1.7
13255,"Spalding, GA",5.1
13257,"Stephens, GA",5.4
13259,"Stewart, GA",6.0
13261,"Sumter, GA",4.2
13263,"Talbot, GA",4.2
13265,"Taliaferro, GA",2.9
13267,"Tattnall, GA",4.6
13269,"Taylor, GA",6.2
13271,"Telfair, GA",6.9
13273,"Terrell, GA",4.3
13275,"Thomas, GA",6.3
13277,"Tift, GA",5.2
13279,"Toombs, GA",3.6
13281,"Towns, GA",5.5
13283,"Treutlen, GA",6.4
13285,"Troup, GA",4.9
13287,"Turner, GA",4.6
13289,"Twiggs, GA",3.1
13291,"Union, GA",4.6
13293,"Upson, GA",5.2
13295,"Walker, GA",5.4
13297,"Walton, GA",5.4
13299,"Ware, GA",3.0
13301,"Warren, GA",1.8
13303,"Washington, GA",2.9
13305,"Wayne, GA",4.0
13307,"Webster, GA",3.1
13309,"Wheeler, GA",3.0
13311,"White, GA",4.7
13313,"Whitfield, GA",3.7
13315,"Wilcox, GA",4.3
13317,"Wilkes, GA",6.4
13319,"Wilkinson, GA",3.1
13321,"Worth, GA",3.9
15001,"Hawaii, HI",5.2
15003,"Honolulu, HI",5.1
15007,"Kauai, HI",5.0
15901,"Maui + Kalawao, HI*",5.9
16001,"Ada, ID",7.6
16003,"Adams, ID",4.1
16005,"Bannock, ID",5.6
16007,"Bear Lake, ID",3.4
16009,"Benewah, ID",2.1
16011,"Bingham, ID",5.8
16013,"Blaine, ID",14.5
16015,"Boise, ID",2.4
16017,"Bonner, ID",4.5
16019,"Bonneville, ID",-0.1
16021,"Boundary, ID",4.2
16023,"Butte, ID",1.7
16025,"Camas, ID",4.9
16027,"Canyon, ID",7.2
16029,"Caribou, ID",2.2
16031,"Cassia, ID",4.1
16033,"Clark, ID",-1.7
16035,"Clearwater, ID",3.5
16037,"Custer, ID",4.5
16039,"Elmore, ID",6.2
16041,"Franklin, ID",4.4
16043,"Fremont (includes Yellowstone Park), ID",4.7
16045,"Gem, ID",4.5
16047,"Gooding, ID",0.3
16049,"Idaho, ID",5.4
16051,"Jefferson, ID",6.4
16053,"Jerome, ID",4.1
16055,"Kootenai, ID",7.4
16057,"Latah, ID",4.8
16059,"Lemhi, ID",4.3
16061,"Lewis, ID",-2.0
16063,"Lincoln, ID",2.3
16065,"Madison, ID",5.9
16067,"Minidoka, ID",3.9
16069,"Nez Perce, ID",6.1
16071,"Oneida, ID",5.4
16073,"Owyhee, ID",5.6
16075,"Payette, ID",4.6
16077,"Power, ID",1.1
16079,"Shoshone, ID",2.9
16081,"Teton, ID",12.4
16083,"Twin Falls, ID",6.2
16085,"Valley, ID",6.9
16087,"Washington, ID",3.5
17001,"Adams, IL",5.0
17003,"Alexander, IL",4.4
17005,"Bond, IL",5.3
17007,"Boone, IL",4.9
17009,"Brown, IL",5.0
17011,"Bureau, IL",5.2
17013,"Calhoun, IL",5.7
17015,"Carroll, IL",4.8
17017,"Cass, IL",5.6
17019,"Champaign, IL",5.4
17021,"Christian, IL",5.9
17023,"Clark, IL",5.9
17025,"Clay, IL",6.4
17027,"Clinton, IL",6.4
17029,"Coles, IL",4.9
17031,"Cook, IL",5.1
17033,"Crawford, IL",7.6
17035,"Cumberland, IL",7.0
17037,"DeKalb, IL",4.5
17039,"De Witt, IL",4.4
17041,"Douglas, IL",9.3
17043,"DuPage, IL",6.8
17045,"Edgar, IL",6.2
17047,"Edwards, IL",4.7
17049,"Effingham, IL",6.7
17051,"Fayette, IL",5.2
17053,"Ford, IL",7.9
17055,"Franklin, IL",4.6
17057,"Fulton, IL",5.9
17059,"Gallatin, IL",8.5
17061,"Greene, IL",6.2
17063,"Grundy, IL",1.6
17065,"Hamilton, IL",5.5
17067,"Hancock, IL",5.5
17069,"Hardin, IL",9.9
17071,"Henderson, IL",6.2
17073,"Henry, IL",5.2
17075,"Iroquois, IL",5.3
17077,"Jackson, IL",5.1
17079,"Jasper, IL",4.8
17081,"Jefferson, IL",4.2
17083,"Jersey, IL",4.9
17085,"Jo Daviess, IL",5.4
17087,"Johnson, IL",3.9
17089,"Kane, IL",5.4
17091,"Kankakee, IL",4.4
17093,"Kendall, IL",5.1
17095,"Knox, IL",4.7
17097,"Lake, IL",7.1
17099,"LaSalle, IL",5.2
17101,"Lawrence, IL",5.6
17103,"Lee, IL",4.7
17105,"Livingston, IL",4.0
17107,"Logan, IL",5.4
17109,"McDonough, IL",4.1
17111,"McHenry, IL",5.4
17113,"McLean, IL",3.7
17115,"Macon, IL",5.1
17117,"Macoupin, IL",6.0
17119,"Madison, IL",5.6
17121,"Marion, IL",4.7
17123,"Marshall, IL",6.1
17125,"Mason, IL",7.0
17127,"Massac, IL",5.5
17129,"Menard, IL",6.1
17131,"Mercer, IL",4.7
17133,"Monroe, IL",7.0
17135,"Montgomery, IL",4.6
17137,"Morgan, IL",5.6
17139,"Moultrie, IL",7.8
17141,"Ogle, IL",5.6
17143,"Peoria, IL",5.1
17145,"Perry, IL",5.4
17147,"Piatt, IL",6.6
17149,"Pike, IL",4.7
17151,"Pope, IL",4.0
17153,"Pulaski, IL",4.0
17155,"Putnam, IL",5.6
17157,"Randolph, IL",4.0
17159,"Richland, IL",5.0
17161,"Rock Island, IL",3.9
17163,"St. Clair, IL",5.8
17165,"Saline, IL",7.2
17167,"Sangamon, IL",4.9
17169,"Schuyler, IL",3.3
17171,"Scott, IL",6.5
17173,"Shelby, IL",5.7
17175,"Stark, IL",8.4
17177,"Stephenson, IL",5.4
17179,"Tazewell, IL",5.5
17181,"Union, IL",4.3
17183,"Vermilion, IL",5.1
17185,"Wabash, IL",5.1
17187,"Warren, IL",7.2
17189,"Washington, IL",4.9
17191,"Wayne, IL",5.5
17193,"White, IL",7.7
17195,"Whiteside, IL",4.5
17197,"Will, IL",6.0
17199,"Williamson, IL",4.5
17201,"Winnebago, IL",4.6
17203,"Woodford, IL",6.0
18001,"Adams, IN",6.2
18003,"Allen, IN",6.5
18005,"Bartholomew, IN",4.5
18007,"Benton, IN",6.0
18009,"Blackford, IN",5.9
18011,"Boone, IN",7.8
18013,"Brown, IN",5.5
18015,"Carroll, IN",4.1
18017,"Cass, IN",4.7
18019,"Clark, IN",5.4
18021,"Clay, IN",4.8
18023,"Clinton, IN",5.6
18025,"Crawford, IN",5.0
18027,"Daviess, IN",6.8
18029,"Dearborn, IN",5.5
18031,"Decatur, IN",4.0
18033,"DeKalb, IN",5.4
18035,"Delaware, IN",4.3
18037,"Dubois, IN",5.8
18039,"Elkhart, IN",6.4
18041,"Fayette, IN",4.4
18043,"Floyd, IN",5.6
18045,"Fountain, IN",5.6
18047,"Franklin, IN",4.2
18049,"Fulton, IN",4.6
18051,"Gibson, IN",4.9
18053,"Grant, IN",5.4
18055,"Greene, IN",4.6
18057,"Hamilton, IN",7.8
18059,"Hancock, IN",6.6
18061,"Harrison, IN",6.0
18063,"Hendricks, IN",5.4
18065,"Henry, IN",4.4
18067,"Howard, IN",4.6
18069,"Huntington, IN",5.0
18071,"Jackson, IN",4.4
18073,"Jasper, IN",6.0
18075,"Jay, IN",8.2
18077,"Jefferson, IN",5.2
18079,"Jennings, IN",5.1
18081,"Johnson, IN",5.5
18083,"Knox, IN",4.5
18085,"Kosciusko, IN",4.5
18087,"Lagrange, IN",7.0
18089,"Lake, IN",5.3
18091,"LaPorte, IN",5.4
18093,"Lawrence, IN",4.8
18095,"Madison, IN",4.7
18097,"Marion, IN",5.8
18099,"Marshall, IN",5.1
18101,"Martin, IN",5.6
18103,"Miami, IN",4.9
18105,"Monroe, IN",5.9
18107,"Montgomery, IN",5.3
18109,"Morgan, IN",5.9
18111,"Newton, IN",5.2
18113,"Noble, IN",5.7
18115,"Ohio, IN",4.4
18117,"Orange, IN",5.2
18119,"Owen, IN",5.2
18121,"Parke, IN",6.7
18123,"Perry, IN",5.7
18125,"Pike, IN",4.1
18127,"Porter, IN",5.8
18129,"Posey, IN",3.7
18131,"Pulaski, IN",6.5
18133,"Putnam, IN",5.0
18135,"Randolph, IN",8.2
18137,"Ripley, IN",4.5
18139,"Rush, IN",6.0
18141,"St. Joseph, IN",4.1
18143,"Scott, IN",4.7
18145,"Shelby, IN",5.2
18147,"Spencer, IN",4.6
18149,"Starke, IN",5.2
18151,"Steuben, IN",5.7
18153,"Sullivan, IN",4.9
18155,"Switzerland, IN",3.7
18157,"Tippecanoe, IN",5.8
18159,"Tipton, IN",3.2
18161,"Union, IN",5.9
18163,"Vanderburgh, IN",5.4
18165,"Vermillion, IN",5.0
18167,"Vigo, IN",5.0
18169,"Wabash, IN",6.9
18171,"Warren, IN",5.5
18173,"Warrick, IN",5.1
18175,"Washington, IN",6.1
18177,"Wayne, IN",5.2
18179,"Wells, IN",5.0
18181,"White, IN",6.1
18183,"Whitley, IN",4.9
19001,"Adair, IA",8.8
19003,"Adams, IA",6.8
19005,"Allamakee, IA",4.3
19007,"Appanoose, IA",3.9
19009,"Audubon, IA",7.8
19011,"Benton, IA",8.1
19013,"Black Hawk, IA",4.1
19015,"Boone, IA",3.9
19017,"Bremer, IA",5.1
19019,"Buchanan, IA",6.4
19021,"Buena Vista, IA",6.2
19023,"Butler, IA",8.0
19025,"Calhoun, IA",7.8
19027,"Carroll, IA",6.1
19029,"Cass, IA",7.5
19031,"Cedar, IA",6.1
19033,"Cerro Gordo, IA",14.8
19035,"Cherokee, IA",20.6
19037,"Chickasaw, IA",23.4
19039,"Clarke, IA",5.2
19041,"Clay, IA",5.4
19043,"Clayton, IA",6.5
19045,"Clinton, IA",4.0
19047,"Crawford, IA",7.0
19049,"Dallas, IA",6.4
19051,"Davis, IA",11.8
19053,"Decatur, IA",4.2
19055,"Delaware, IA",5.2
19057,"Des Moines, IA",3.0
19059,"Dickinson, IA",8.2
19061,"Dubuque, IA",6.2
19063,"Emmet, IA",5.1
19065,"Fayette, IA",5.0
19067,"Floyd, IA",7.6
19069,"Franklin, IA",8.8
19071,"Fremont, IA",5.5
19073,"Greene, IA",5.4
19075,"Grundy, IA",6.1
19077,"Guthrie, IA",6.4
19079,"Hamilton, IA",6.8
19081,"Hancock, IA",7.4
19083,"Hardin, IA",16.5
19085,"Harrison, IA",7.6
19087,"Henry, IA",5.0
19089,"Howard, IA",8.7
19091,"Humboldt, IA",5.6
19093,"Ida, IA",11.7
19095,"Iowa, IA",3.7
19097,"Jackson, IA",5.3
19099,"Jasper, IA",4.3
19101,"Jefferson, IA",6.0
19103,"Johnson, IA",4.1
19105,"Jones, IA",5.6
19107,"Keokuk, IA",5.3
19109,"Kossuth, IA",7.5
19111,"Lee, IA",4.1
19113,"Linn, IA",4.5
19115,"Louisa, IA",5.1
19117,"Lucas, IA",4.1
19119,"Lyon, IA",6.4
19121,"Madison, IA",5.4
19123,"Mahaska, IA",7.1
19125,"Marion, IA",6.6
19127,"Marshall, IA",2.7
19129,"Mills, IA",5.0
19131,"Mitchell, IA",24.4
19133,"Monona, IA",8.1
19135,"Monroe, IA",5.5
19137,"Montgomery, IA",5.3
19139,"Muscatine, IA",4.4
19141,"O'Brien, IA",5.7
19143,"Osceola, IA",8.1
19145,"Page, IA",5.6
19147,"Palo Alto, IA",7.6
19149,"Plymouth, IA",5.9
19151,"Pocahontas, IA",5.9
19153,"Polk, IA",5.1
19155,"Pottawattamie, IA",7.0
19157,"Poweshiek, IA",5.8
19159,"Ringgold, IA",3.3
19161,"Sac, IA",11.4
19163,"Scott, IA",5.8
19165,"Shelby, IA",7.1
19167,"Sioux, IA",7.4
19169,"Story, IA",7.4
19171,"Tama, IA",4.5
19173,"Taylor, IA",5.9
19175,"Union, IA",4.7
19177,"Van Buren, IA",5.8
19179,"Wapello, IA",3.8
19181,"Warren, IA",6.0
19183,"Washington, IA",11.1
19185,"Wayne, IA",6.3
19187,"Webster, IA",4.4
19189,"Winnebago, IA",6.4
19191,"Winneshiek, IA",4.5
19193,"Woodbury, IA",4.9
19195,"Worth, IA",8.1
19197,"Wright, IA",13.1
20001,"Allen, KS",4.1
20003,"Anderson, KS",6.6
20005,"Atchison, KS",2.6
20007,"Barber, KS",6.0
20009,"Barton, KS",5.3
20011,"Bourbon, KS",3.2
20013,"Brown, KS",4.5
20015,"Butler, KS",5.2
20017,"Chase, KS",3.7
20019,"Chautauqua, KS",5.0
20021,"Cherokee, KS",5.5
20023,"Cheyenne, KS",4.0
20025,"Clark, KS",0.6
20027,"Clay, KS",4.3
20029,"Cloud, KS",6.0
20031,"Coffey, KS",0.7
20033,"Comanche, KS",8.9
20035,"Cowley, KS",4.1
20037,"Crawford, KS",3.6
20039,"Decatur, KS",5.4
20041,"Dickinson, KS",3.7
20043,"Doniphan, KS",4.0
20045,"Douglas, KS",5.1
20047,"Edwards, KS",6.1
20049,"Elk, KS",5.2
20051,"Ellis, KS",4.8
20053,"Ellsworth, KS",5.0
20055,"Finney, KS",5.4
20057,"Ford, KS",2.9
20059,"Franklin, KS",3.7
20061,"Geary, KS",3.9
20063,"Gove, KS",12.2
20065,"Graham, KS",9.7
20067,"Grant, KS",4.6
20069,"Gray, KS",2.8
20071,"Greeley, KS",1.6
20073,"Greenwood, KS",4.8
20075,"Hamilton, KS",5.7
20077,"Harper, KS",4.5
20079,"Harvey, KS",5.1
20081,"Haskell, KS",5.2
20083,"Hodgeman, KS",2.7
20085,"Jackson, KS",4.0
20087,"Jefferson, KS",5.1
20089,"Jewell, KS",7.0
20091,"Johnson, KS",9.2
20093,"Kearny, KS",4.8
20095,"Kingman, KS",7.0
20097,"Kiowa, KS",2.8
20099,"Labette, KS",4.3
20101,"Lane, KS",8.2
20103,"Leavenworth, KS",4.9
20105,"Lincoln, KS",3.0
20107,"Linn, KS",3.9
20109,"Logan, KS",5.3
20111,"Lyon, KS",4.0
20113,"McPherson, KS",5.5
20115,"Marion, KS",4.0
20117,"Marshall, KS",2.1
20119,"Meade, KS",3.0
20121,"Miami, KS",6.2
20123,"Mitchell, KS",4.3
20125,"Montgomery, KS",5.1
20127,"Morris, KS",3.6
20129,"Morton, KS",5.9
20131,"Nemaha, KS",6.0
20133,"Neosho, KS",5.1
20135,"Ness, KS",8.6
20137,"Norton, KS",7.6
20139,"Osage, KS",4.6
20141,"Osborne, KS",9.0
20143,"Ottawa, KS",6.3
20145,"Pawnee, KS",3.2
20147,"Phillips, KS",6.9
20149,"Pottawatomie, KS",4.7
20151,"Pratt, KS",4.5
20153,"Rawlins, KS",4.4
20155,"Reno, KS",4.1
20157,"Republic, KS",4.0
20159,"Rice, KS",4.6
20161,"Riley, KS",5.9
20163,"Rooks, KS",6.4
20165,"Rush, KS",4.7
20167,"Russell, KS",6.1
20169,"Saline, KS",5.7
20171,"Scott, KS",2.7
20173,"Sedgwick, KS",4.9
20175,"Seward, KS",4.1
20177,"Shawnee, KS",5.0
20179,"Sheridan, KS",3.0
20181,"Sherman, KS",4.8
20183,"Smith, KS",6.5
20185,"Stafford, KS",5.8
20187,"Stanton, KS",2.1
20189,"Stevens, KS",3.2
20191,"Sumner, KS",4.8
20193,"Thomas, KS",6.1
20195,"Trego, KS",7.6
20197,"Wabaunsee, KS",3.9
20199,"Wallace, KS",-0.8
20201,"Washington, KS",1.3
20203,"Wichita, KS",0.8
20205,"Wilson, KS",5.3
20207,"Woodson, KS",5.7
20209,"Wyandotte, KS",4.2
21001,"Adair, KY",5.1
21003,"Allen, KY",4.0
21005,"Anderson, KY",4.7
21007,"Ballard, KY",7.4
21009,"Barren, KY",3.4
21011,"Bath, KY",5.4
21013,"Bell, KY",4.7
21015,"Boone, KY",5.0
21017,"Bourbon, KY",6.6
21019,"Boyd, KY",5.1
21021,"Boyle, KY",5.0
21023,"Bracken, KY",3.8
21025,"Breathitt, KY",6.9
21027,"Breckinridge, KY",3.3
21029,"Bullitt, KY",5.0
21031,"Butler, KY",5.4
21033,"Caldwell, KY",4.4
21035,"Calloway, KY",3.3
21037,"Campbell, KY",6.8
21039,"Carlisle, KY",7.9
21041,"Carroll, KY",6.0
21043,"Carter, KY",4.6
21045,"Casey, KY",5.0
21047,"Christian, KY",4.0
21049,"Clark, KY",5.2
21051,"Clay, KY",5.6
21053,"Clinton, KY",3.6
21055,"Crittenden, KY",4.9
21057,"Cumberland, KY",4.9
21059,"Daviess, KY",4.3
21061,"Edmonson, KY",4.0
21063,"Elliott, KY",3.5
21065,"Estill, KY",4.9
21067,"Fayette, KY",5.7
21069,"Fleming, KY",3.1
21071,"Floyd, KY",5.2
21073,"Franklin, KY",4.3
21075,"Fulton, KY",6.6
21077,"Gallatin, KY",5.3
21079,"Garrard, KY",4.5
21081,"Grant, KY",4.3
21083,"Graves, KY",6.5
21085,"Grayson, KY",3.9
21087,"Green, KY",3.1
21089,"Greenup, KY",5.0
21091,"Hancock, KY",15.4
21093,"Hardin, KY",5.4
21095,"Harlan, KY",5.6
21097,"Harrison, KY",2.4
21099,"Hart, KY",6.5
21101,"Henderson, KY",7.3
21103,"Henry, KY",5.8
21105,"Hickman, KY",9.4
21107,"Hopkins, KY",5.2
21109,"Jackson, KY",3.6
21111,"Jefferson, KY",6.2
21113,"Jessamine, KY",6.7
21115,"Johnson, KY",4.4
21117,"Kenton, KY",6.2
21119,"Knott, KY",6.8
21121,"Knox, KY",3.8
21123,"Larue, KY",2.3
21125,"Laurel, KY",4.3
21127,"Lawrence, KY",6.1
21129,"Lee, KY",3.9
21131,"Leslie, KY",5.4
21133,"Letcher, KY",6.1
21135,"Lewis, KY",4.4
21137,"Lincoln, KY",4.3
21139,"Livingston, KY",3.9
21141,"Logan, KY",5.7
21143,"Lyon, KY",4.6
21145,"McCracken, KY",8.0
21147,"McCreary, KY",3.9
21149,"McLean, KY",6.6
21151,"Madison, KY",5.9
21153,"Magoffin, KY",4.6
21155,"Marion, KY",4.9
21157,"Marshall, KY",4.8
21159,"Martin, KY",0.8
21161,"Mason, KY",5.2
21163,"Meade, KY",5.3
21165,"Menifee, KY",4.7
21167,"Mercer, KY",6.0
21169,"Metcalfe, KY",3.9
21171,"Monroe, KY",4.3
21173,"Montgomery, KY",4.9
21175,"Morgan, KY",3.8
21177,"Muhlenberg, KY",5.2
21179,"Nelson, KY",5.5
21181,"Nicholas, KY",3.1
21183,"Ohio, KY",4.9
21185,"Oldham, KY",7.1
21187,"Owen, KY",4.3
21189,"Owsley, KY",7.4
21191,"Pendleton, KY",3.4
21193,"Perry, KY",5.7
21195,"Pike, KY",5.1
21197,"Powell, KY",5.3
21199,"Pulaski, KY",5.2
21201,"Robertson, KY",1.9
21203,"Rockcastle, KY",4.0
21205,"Rowan, KY",5.6
21207,"Russell, KY",11.3
21209,"Scott, KY",4.9
21211,"Shelby, KY",6.5
21213,"Simpson, KY",5.0
21215,"Spencer, KY",5.0
21217,"Taylor, KY",3.1
21219,"Todd, KY",6.5
21221,"Trigg, KY",3.3
21223,"Trimble, KY",4.7
21225,"Union, KY",7.7
21227,"Warren, KY",5.4
21229,"Washington, KY",3.6
21231,"Wayne, KY",3.1
21233,"Webster, KY",7.8
21235,"Whitley, KY",4.6
21237,"Wolfe, KY",7.3
21239,"Woodford, KY",6.1
22001,"Acadia, LA",3.7
22003,"Allen, LA",2.5
22005,"Ascension, LA",5.0
22007,"Assumption, LA",7.2
22009,"Avoyelles, LA",4.2
22011,"Beauregard, LA",3.4
22013,"Bienville, LA",4.4
22015,"Bossier, LA",5.3
22017,"Caddo, LA",5.7
22019,"Calcasieu, LA",4.9
22021,"Caldwell, LA",2.8
22023,"Cameron, LA",4.9
22025,"Catahoula, LA",4.7
22027,"Claiborne, LA",3.0
22029,"Concordia, LA",4.1
22031,"De Soto, LA",7.1
22033,"East Baton Rouge, LA",6.8
22035,"East Carroll, LA",0.9
22037,"East Feliciana, LA",4.7
22039,"Evangeline, LA",4.0
22041,"Franklin, LA",4.0
22043,"Grant, LA",3.9
22045,"Iberia, LA",4.7
22047,"Iberville, LA",4.9
22049,"Jackson, LA",4.7
22051,"Jefferson, LA",4.9
22053,"Jefferson Davis, LA",2.7
22055,"Lafayette, LA",7.1
22057,"Lafourche, LA",8.3
22059,"LaSalle, LA",3.4
22061,"Lincoln, LA",6.8
22063,"Livingston, LA",4.7
22065,"Madison, LA",3.6
22067,"Morehouse, LA",3.6
22069,"Natchitoches, LA",6.0
22071,"Orleans, LA",6.4
22073,"Ouachita, LA",4.6
22075,"Plaquemines, LA",5.2
22077,"Pointe Coupee, LA",4.3
22079,"Rapides, LA",4.1
22081,"Red River, LA",6.6
22083,"Richland, LA",3.4
22085,"Sabine, LA",5.8
22087,"St. Bernard, LA",4.1
22089,"St. Charles, LA",4.5
22091,"St. Helena, LA",3.2
22093,"St. James, LA",7.1
22095,"St. John the Baptist, LA",2.2
22097,"St. Landry, LA",2.9
22099,"St. Martin, LA",4.6
22101,"St. Mary, LA",4.9
22103,"St. Tammany, LA",6.3
22105,"Tangipahoa, LA",5.0
22107,"Tensas, LA",4.1
22109,"Terrebonne, LA",5.7
22111,"Union, LA",4.0
22113,"Vermilion, LA",4.3
22115,"Vernon, LA",4.7
22117,"Washington, LA",5.3
22119,"Webster, LA",5.5
22121,"West Baton Rouge, LA",4.0
22123,"West Carroll, LA",2.5
22125,"West Feliciana, LA",3.8
22127,"Winn, LA",4.5
23001,"Androscoggin, ME",5.3
23003,"Aroostook, ME",4.7
23005,"Cumberland, ME",7.3
23007,"Franklin, ME",4.9
23009,"Hancock, ME",7.0
23011,"Kennebec, ME",5.4
23013,"Knox, ME",6.6
23015,"Lincoln, ME",6.7
23017,"Oxford, ME",5.4
23019,"Penobscot, ME",4.5
23021,"Piscataquis, ME",6.3
23023,"Sagadahoc, ME",7.0
23025,"Somerset, ME",5.2
23027,"Waldo, ME",5.8
23029,"Washington, ME",4.3
23031,"York, ME",6.9
24001,"Allegany, MD",2.8
24003,"Anne Arundel, MD",5.2
24005,"Baltimore, MD",5.4
24009,"Calvert, MD",4.4
24011,"Caroline, MD",5.6
24013,"Carroll, MD",4.9
24015,"Cecil, MD",4.4
24017,"Charles, MD",3.6
24019,"Dorchester, MD",5.0
24021,"Frederick, MD",5.8
24023,"Garrett, MD",5.5
24025,"Harford, MD",4.5
24027,"Howard, MD",5.6
24029,"Kent, MD",6.9
24031,"Montgomery, MD",5.4
24033,"Prince George's, MD",3.9
24035,"Queen Anne's, MD",5.9
24037,"St. Mary's, MD",4.4
24039,"Somerset, MD",4.3
24041,"Talbot, MD",7.7
24043,"Washington, MD",4.6
24045,"Wicomico, MD",3.9
24047,"Worcester, MD",4.7
24510,"Baltimore (Independent City), MD",6.0
25001,"Barnstable, MA",5.6
25003,"Berkshire, MA",5.0
25005,"Bristol, MA",3.3
25007,"Dukes, MA",5.2
25009,"Essex, MA",5.0
25011,"Franklin, MA",3.6
25013,"Hampden, MA",3.6
25015,"Hampshire, MA",-0.2
25017,"Middlesex, MA",6.3
25019,"Nantucket, MA",8.7
25021,"Norfolk, MA",6.6
25023,"Plymouth, MA",4.4
25025,"Suffolk, MA",6.8
25027,"Worcester, MA",4.1
26001,"Alcona, MI",3.6
26003,"Alger, MI",5.1
26005,"Allegan, MI",5.0
26007,"Alpena, MI",4.7
26009,"Antrim, MI",4.6
26011,"Arenac, MI",3.3
26013,"Baraga, MI",3.3
26015,"Barry, MI",6.6
26017,"Bay, MI",4.1
26019,"Benzie, MI",5.0
26021,"Berrien, MI",4.2
26023,"Branch, MI",3.7
26025,"Calhoun, MI",3.0
26027,"Cass, MI",4.5
26029,"Charlevoix, MI",7.1
26031,"Cheboygan, MI",3.6
26033,"Chippewa, MI",5.5
26035,"Clare, MI",3.5
26037,"Clinton, MI",5.9
26039,"Crawford, MI",1.5
26041,"Delta, MI",3.0
26043,"Dickinson, MI",4.2
26045,"Eaton, MI",4.3
26047,"Emmet, MI",6.8
26049,"Genesee, MI",5.0
26051,"Gladwin, MI",3.7
26053,"Gogebic, MI",4.0
26055,"Grand Traverse, MI",6.7
26057,"Gratiot, MI",3.4
26059,"Hillsdale, MI",4.1
26061,"Houghton, MI",4.3
26063,"Huron, MI",6.0
26065,"Ingham, MI",4.2
26067,"Ionia, MI",4.7
26069,"Iosco, MI",3.4
26071,"Iron, MI",2.8
26073,"Isabella, MI",3.5
26075,"Jackson, MI",4.0
26077,"Kalamazoo, MI",5.1
26079,"Kalkaska, MI",4.3
26081,"Kent, MI",6.2
26083,"Keweenaw, MI",3.6
26085,"Lake, MI",0.2
26087,"Lapeer, MI",3.3
26089,"Leelanau, MI",5.5
26091,"Lenawee, MI",5.2
26093,"Livingston, MI",5.7
26095,"Luce, MI",3.2
26097,"Mackinac, MI",5.6
26099,"Macomb, MI",4.6
26101,"Manistee, MI",4.1
26103,"Marquette, MI",3.7
26105,"Mason, MI",3.3
26107,"Mecosta, MI",3.6
26109,"Menominee, MI",4.4
26111,"Midland, MI",3.7
26113,"Missaukee, MI",3.6
26115,"Monroe, MI",6.3
26117,"Montcalm, MI",3.9
26119,"Montmorency, MI",1.5
26121,"Muskegon, MI",3.6
26123,"Newaygo, MI",3.5
26125,"Oakland, MI",6.1
26127,"Oceana, MI",4.3
26129,"Ogemaw, MI",2.7
26131,"Ontonagon, MI",3.6
26133,"Osceola, MI",5.1
26135,"Oscoda, MI",7.4
26137,"Otsego, MI",4.1
26139,"Ottawa, MI",5.7
26141,"Presque Isle, MI",4.1
26143,"Roscommon, MI",3.3
26145,"Saginaw, MI",3.3
26147,"St. Clair, MI",3.7
26149,"St. Joseph, MI",5.1
26151,"Sanilac, MI",4.6
26153,"Schoolcraft, MI",2.6
26155,"Shiawassee, MI",4.2
26157,"Tuscola, MI",4.5
26159,"Van Buren, MI",4.8
26161,"Washtenaw, MI",7.0
26163,"Wayne, MI",4.0
26165,"Wexford, MI",3.4
27001,"Aitkin, MN",3.4
27003,"Anoka, MN",4.1
27005,"Becker, MN",5.5
27007,"Beltrami, MN",4.4
27009,"Benton, MN",4.7
27011,"Big Stone, MN",4.8
27013,"Blue Earth, MN",4.4
27015,"Brown, MN",4.2
27017,"Carlton, MN",4.4
27019,"Carver, MN",7.5
27021,"Cass, MN",4.7
27023,"Chippewa, MN",5.1
27025,"Chisago, MN",5.2
27027,"Clay, MN",4.8
27029,"Clearwater, MN",1.7
27031,"Cook, MN",5.9
27033,"Cottonwood, MN",3.3
27035,"Crow Wing, MN",5.0
27037,"Dakota, MN",5.5
27039,"Dodge, MN",5.3
27041,"Douglas, MN",5.6
27043,"Faribault, MN",5.0
27045,"Fillmore, MN",5.0
27047,"Freeborn, MN",4.7
27049,"Goodhue, MN",5.3
27051,"Grant, MN",2.6
27053,"Hennepin, MN",7.0
27055,"Houston, MN",4.9
27057,"Hubbard, MN",0.8
27059,"Isanti, MN",4.3
27061,"Itasca, MN",4.1
27063,"Jackson, MN",1.7
27065,"Kanabec, MN",1.5
27067,"Kandiyohi, MN",4.6
27069,"Kittson, MN",1.8
27071,"Koochiching, MN",5.1
27073,"Lac qui Parle, MN",5.4
27075,"Lake, MN",5.5
27077,"Lake of the Woods, MN",4.1
27079,"Le Sueur, MN",5.7
27081,"Lincoln, MN",5.7
27083,"Lyon, MN",4.5
27085,"McLeod, MN",6.0
27087,"Mahnomen, MN",5.2
27089,"Marshall, MN",3.8
27091,"Martin, MN",4.0
27093,"Meeker, MN",5.0
27095,"Mille Lacs, MN",4.4
27097,"Morrison, MN",4.1
27099,"Mower, MN",4.4
27101,"Murray, MN",3.3
27103,"Nicollet, MN",4.4
27105,"Nobles, MN",4.0
27107,"Norman, MN",2.5
27109,"Olmsted, MN",5.2
27111,"Otter Tail, MN",3.9
27113,"Pennington, MN",4.8
27115,"Pine, MN",2.5
27117,"Pipestone, MN",7.2
27119,"Polk, MN",4.1
27121,"Pope, MN",4.2
27123,"Ramsey, MN",6.2
27125,"Red Lake, MN",5.6
27127,"Redwood, MN",8.5
27129,"Renville, MN",4.3
27131,"Rice, MN",5.4
27133,"Rock, MN",3.3
27135,"Roseau, MN",4.8
27137,"St. Louis, MN",5.3
27139,"Scott, MN",7.6
27141,"Sherburne, MN",4.6
27143,"Sibley, MN",4.5
27145,"Stearns, MN",5.7
27147,"Steele, MN",5.1
27149,"Stevens, MN",1.5
27151,"Swift, MN",9.7
27153,"Todd, MN",12.6
27155,"Traverse, MN",7.4
27157,"Wabasha, MN",3.8
27159,"Wadena, MN",4.4
27161,"Waseca, MN",8.7
27163,"Washington, MN",5.7
27165,"Watonwan, MN",4.2
27167,"Wilkin, MN",8.7
27169,"Winona, MN",2.1
27171,"Wright, MN",5.7
27173,"Yellow Medicine, MN",5.5
28001,"Adams, MS",5.2
28003,"Alcorn, MS",4.5
28005,"Amite, MS",6.1
28007,"Attala, MS",2.6
28009,"Benton, MS",5.4
28011,"Bolivar, MS",6.8
28013,"Calhoun, MS",2.4
28015,"Carroll, MS",3.6
28017,"Chickasaw, MS",1.5
28019,"Choctaw, MS",4.4
28021,"Claiborne, MS",3.9
28023,"Clarke, MS",3.7
28025,"Clay, MS",6.3
28027,"Coahoma, MS",5.0
28029,"Copiah, MS",4.7
28031,"Covington, MS",6.6
28033,"DeSoto, MS",6.3
28035,"Forrest, MS",4.3
28037,"Franklin, MS",2.9
28039,"George, MS",3.4
28041,"Greene, MS",2.8
28043,"Grenada, MS",4.5
28045,"Hancock, MS",6.1
28047,"Harrison, MS",5.4
28049,"Hinds, MS",4.9
28051,"Holmes, MS",5.0
28053,"Humphreys, MS",3.9
28055,"Issaquena, MS",6.0
28057,"Itawamba, MS",3.2
28059,"Jackson, MS",5.0
28061,"Jasper, MS",3.5
28063,"Jefferson, MS",4.4
28065,"Jefferson Davis, MS",6.9
28067,"Jones, MS",6.7
28069,"Kemper, MS",3.2
28071,"Lafayette, MS",4.8
28073,"Lamar, MS",5.9
28075,"Lauderdale, MS",5.1
28077,"Lawrence, MS",6.3
28079,"Leake, MS",5.7
28081,"Lee, MS",4.8
28083,"Leflore, MS",6.6
28085,"Lincoln, MS",4.8
28087,"Lowndes, MS",5.6
28089,"Madison, MS",7.9
28091,"Marion, MS",2.9
28093,"Marshall, MS",4.9
28095,"Monroe, MS",3.0
28097,"Montgomery, MS",4.0
28099,"Neshoba, MS",5.7
28101,"Newton, MS",4.0
28103,"Noxubee, MS",6.2
28105,"Oktibbeha, MS",4.8
28107,"Panola, MS",3.9
28109,"Pearl River, MS",5.7
28111,"Perry, MS",4.4
28113,"Pike, MS",5.1
28115,"Pontotoc, MS",4.0
28117,"Prentiss, MS",3.8
28119,"Quitman, MS",7.4
28121,"Rankin, MS",5.6
28123,"Scott, MS",5.9
28125,"Sharkey, MS",10.1
28127,"Simpson, MS",5.5
28129,"Smith, MS",5.7
28131,"Stone, MS",4.9
28133,"Sunflower, MS",5.5
28135,"Tallahatchie, MS",7.3
28137,"Tate, MS",5.0
28139,"Tippah, MS",2.6
28141,"Tishomingo, MS",4.8
28143,"Tunica, MS",7.7
28145,"Union, MS",3.7
28147,"Walthall, MS",3.8
28149,"Warren, MS",5.0
28151,"Washington, MS",5.5
28153,"Wayne, MS",6.7
28155,"Webster, MS",4.0
28157,"Wilkinson, MS",4.1
28159,"Winston, MS",5.7
28161,"Yalobusha, MS",3.0
28163,"Yazoo, MS",4.7
29001,"Adair, MO",4.1
29003,"Andrew, MO",4.8
29005,"Atchison, MO",4.6
29007,"Audrain, MO",6.1
29009,"Barry, MO",5.5
29011,"Barton, MO",4.5
29013,"Bates, MO",4.7
29015,"Benton, MO",4.5
29017,"Bollinger, MO",4.9
29019,"Boone, MO",5.8
29021,"Buchanan, MO",5.7
29023,"Butler, MO",4.2
29025,"Caldwell, MO",4.0
29027,"Callaway, MO",5.3
29029,"Camden, MO",6.2
29031,"Cape Girardeau, MO",5.7
29033,"Carroll, MO",7.5
29035,"Carter, MO",5.6
29037,"Cass, MO",5.1
29039,"Cedar, MO",5.2
29041,"Chariton, MO",5.2
29043,"Christian, MO",5.3
29045,"Clark, MO",4.5
29047,"Clay, MO",4.4
29049,"Clinton, MO",4.7
29051,"Cole, MO",5.6
29053,"Cooper, MO",5.8
29055,"Crawford, MO",6.7
29057,"Dade, MO",6.5
29059,"Dallas, MO",5.4
29061,"Daviess, MO",3.7
29063,"DeKalb, MO",9.6
29065,"Dent, MO",4.8
29067,"Douglas, MO",3.3
29069,"Dunklin, MO",6.3
29071,"Franklin, MO",5.5
29073,"Gasconade, MO",5.4
29075,"Gentry, MO",2.5
29077,"Greene, MO",5.6
29079,"Grundy, MO",4.5
29081,"Harrison, MO",4.2
29083,"Henry, MO",5.5
29085,"Hickory, MO",5.1
29087,"Holt, MO",3.8
29089,"Howard, MO",6.3
29091,"Howell, MO",5.2
29093,"Iron, MO",5.5
29095,"Jackson, MO",5.2
29097,"Jasper, MO",4.7
29099,"Jefferson, MO",6.1
29101,"Johnson, MO",5.3
29103,"Knox, MO",5.8
29105,"Laclede, MO",7.3
29107,"Lafayette, MO",5.7
29109,"Lawrence, MO",4.2
29111,"Lewis, MO",5.6
29113,"Lincoln, MO",6.3
29115,"Linn, MO",4.4
29117,"Livingston, MO",3.9
29119,"McDonald, MO",6.9
29121,"Macon, MO",6.8
29123,"Madison, MO",4.9
29125,"Maries, MO",5.0
29127,"Marion, MO",5.9
29129,"Mercer, MO",4.2
29131,"Miller, MO",4.6
29133,"Mississippi, MO",4.4
29135,"Moniteau, MO",5.6
29137,"Monroe, MO",8.4
29139,"Montgomery, MO",6.3
29141,"Morgan, MO",3.0
29143,"New Madrid, MO",7.7
29145,"Newton, MO",5.0
29147,"Nodaway, MO",5.2
29149,"Oregon, MO",5.4
29151,"Osage, MO",5.4
29153,"Ozark, MO",5.5
29155,"Pemiscot, MO",7.5
29157,"Perry, MO",5.1
29159,"Pettis, MO",5.3
29161,"Phelps, MO",4.6
29163,"Pike, MO",4.4
29165,"Platte, MO",6.6
29167,"Polk, MO",6.2
29169,"Pulaski, MO",3.3
29171,"Putnam, MO",6.0
29173,"Ralls, MO",5.5
29175,"Randolph, MO",7.8
29177,"Ray, MO",4.6
29179,"Reynolds, MO",4.7
29181,"Ripley, MO",4.4
29183,"St. Charles, MO",6.3
29185,"St. Clair, MO",5.7
29186,"Ste. Genevieve, MO",5.0
29187,"St. Francois, MO",6.1
29189,"St. Louis, MO",8.6
29195,"Saline, MO",7.4
29197,"Schuyler, MO",6.3
29199,"Scotland, MO",8.9
29201,"Scott, MO",6.1
29203,"Shannon, MO",3.9
29205,"Shelby, MO",6.6
29207,"Stoddard, MO",5.8
29209,"Stone, MO",5.8
29211,"Sullivan, MO",3.6
29213,"Taney, MO",7.1
29215,"Texas, MO",4.2
29217,"Vernon, MO",5.9
29219,"Warren, MO",5.9
29221,"Washington, MO",5.0
29223,"Wayne, MO",5.6
29225,"Webster, MO",5.6
29227,"Worth, MO",4.5
29229,"Wright, MO",4.1
29510,"St. Louis (Independent City), MO",7.3
30001,"Beaverhead, MT",4.3
30003,"Big Horn, MT",3.7
30005,"Blaine, MT",5.4
30007,"Broadwater, MT",5.7
30009,"Carbon, MT",5.4
30011,"Carter, MT",2.8
30013,"Cascade, MT",6.1
30015,"Chouteau, MT",7.7
30017,"Custer, MT",5.1
30019,"Daniels, MT",2.3
30021,"Dawson, MT",4.6
30023,"Deer Lodge, MT",5.5
30025,"Fallon, MT",4.9
30027,"Fergus, MT",6.3
30029,"Flathead, MT",7.4
30031,"Gallatin, MT",10.9
30033,"Garfield, MT",4.8
30035,"Glacier, MT",5.8
30037,"Golden Valley, MT",0.0
30039,"Granite, MT",1.6
30041,"Hill, MT",4.2
30043,"Jefferson, MT",5.8
30045,"Judith Basin, MT",3.5
30047,"Lake, MT",4.2
30049,"Lewis and Clark, MT",5.0
30051,"Liberty, MT",5.7
30053,"Lincoln, MT",4.3
30055,"McCone, MT",5.7
30057,"Madison, MT",3.5
30059,"Meagher, MT",6.4
30061,"Mineral, MT",3.0
30063,"Missoula, MT",5.8
30065,"Musselshell, MT",3.0
30067,"Park, MT",7.9
30069,"Petroleum, MT",0.7
30071,"Phillips, MT",2.5
30073,"Pondera, MT",5.5
30075,"Powder River, MT",4.5
30077,"Powell, MT",2.0
30079,"Prairie, MT",5.0
30081,"Ravalli, MT",6.8
30083,"Richland, MT",7.3
30085,"Roosevelt, MT",4.5
30087,"Rosebud, MT",2.9
30089,"Sanders, MT",3.8
30091,"Sheridan, MT",1.3
30093,"Silver Bow, MT",6.2
30095,"Stillwater, MT",3.3
30097,"Sweet Grass, MT",4.4
30099,"Teton, MT",5.0
30101,"Toole, MT",5.5
30103,"Treasure, MT",2.2
30105,"Valley, MT",6.5
30107,"Wheatland, MT",5.5
30109,"Wibaux, MT",0.7
30111,"Yellowstone, MT",7.4
31001,"Adams, NE",8.9
31003,"Antelope, NE",3.1
31005,"Arthur, NE",9.2
31007,"Banner, NE",6.2
31009,"Blaine, NE",3.8
31011,"Boone, NE",8.1
31013,"Box Butte, NE",4.1
31015,"Boyd, NE",9.0
31017,"Brown, NE",3.9
31019,"Buffalo, NE",6.8
31021,"Burt, NE",6.5
31023,"Butler, NE",10.6
31025,"Cass, NE",5.9
31027,"Cedar, NE",8.0
31029,"Chase, NE",5.8
31031,"Cherry, NE",7.8
31033,"Cheyenne, NE",2.7
31035,"Clay, NE",6.1
31037,"Colfax, NE",7.2
31039,"Cuming, NE",6.8
31041,"Custer, NE",5.6
31043,"Dakota, NE",13.5
31045,"Dawes, NE",4.3
31047,"Dawson, NE",4.7
31049,"Deuel, NE",3.4
31051,"Dixon, NE",8.1
31053,"Dodge, NE",9.2
31055,"Douglas, NE",8.3
31057,"Dundy, NE",8.2
31059,"Fillmore, NE",10.6
31061,"Franklin, NE",4.6
31063,"Frontier, NE",12.1
31065,"Furnas, NE",9.7
31067,"Gage, NE",16.1
31069,"Garden, NE",7.4
31071,"Garfield, NE",5.8
31073,"Gosper, NE",7.4
31075,"Grant, NE",5.1
31077,"Greeley, NE",8.7
31079,"Hall, NE",8.7
31081,"Hamilton, NE",7.1
31083,"Harlan, NE",6.7
31085,"Hayes, NE",1.9
31087,"Hitchcock, NE",11.8
31089,"Holt, NE",6.3
31091,"Hooker, NE",5.1
31093,"Howard, NE",6.1
31095,"Jefferson, NE",7.5
31097,"Johnson, NE",7.4
31099,"Kearney, NE",15.9
31101,"Keith, NE",6.6
31103,"Keya Paha, NE",0.0
31105,"Kimball, NE",8.5
31107,"Knox, NE",7.6
31109,"Lancaster, NE",7.4
31111,"Lincoln, NE",11.4
31113,"Logan, NE",9.6
31115,"Loup, NE",7.3
31117,"McPherson, NE",8.1
31119,"Madison, NE",8.1
31121,"Merrick, NE",7.8
31123,"Morrill, NE",7.0
31125,"Nance, NE",11.6
31127,"Nemaha, NE",6.0
31129,"Nuckolls, NE",11.5
31131,"Otoe, NE",4.4
31133,"Pawnee, NE",6.9
31135,"Perkins, NE",7.5
31137,"Phelps, NE",5.9
31139,"Pierce, NE",25.3
31141,"Platte, NE",6.9
31143,"Polk, NE",10.4
31145,"Red Willow, NE",6.5
31147,"Richardson, NE",5.1
31149,"Rock, NE",7.9
31151,"Saline, NE",8.7
31153,"Sarpy, NE",6.9
31155,"Saunders, NE",8.2
31157,"Scotts Bluff, NE",5.2
31159,"Seward, NE",7.7
31161,"Sheridan, NE",7.8
31163,"Sherman, NE",10.0
31165,"Sioux, NE",6.8
31167,"Stanton, NE",8.2
31169,"Thayer, NE",7.0
31171,"Thomas, NE",3.4
31173,"Thurston, NE",11.6
31175,"Valley, NE",8.4
31177,"Washington, NE",6.8
31179,"Wayne, NE",7.9
31181,"Webster, NE",6.5
31183,"Wheeler, NE",3.4
31185,"York, NE",8.7
32001,"Churchill, NV",4.3
32003,"Clark, NV",6.6
32005,"Douglas, NV",6.3
32007,"Elko, NV",4.2
32009,"Esmeralda, NV",7.4
32011,"Eureka, NV",1.8
32013,"Humboldt, NV",4.5
32015,"Lander, NV",4.0
32017,"Lincoln, NV",0.4
32019,"Lyon, NV",4.9
32021,"Mineral, NV",2.2
32023,"Nye, NV",4.1
32027,"Pershing, NV",4.9
32029,"Storey, NV",5.4
32031,"Washoe, NV",7.8
32033,"White Pine, NV",5.7
32510,"Carson City (Independent City), NV",4.4
33001,"Belknap, NH",5.4
33003,"Carroll, NH",5.9
33005,"Cheshire, NH",5.3
33007,"Coos, NH",4.2
33009,"Grafton, NH",5.3
33011,"Hillsborough, NH",5.0
33013,"Merrimack, NH",5.0
33015,"Rockingham, NH",6.0
33017,"Strafford, NH",4.8
33019,"Sullivan, NH",5.2
34001,"Atlantic, NJ",3.5
34003,"Bergen, NJ",5.0
34005,"Burlington, NJ",4.7
34007,"Camden, NJ",4.6
34009,"Cape May, NJ",5.1
34011,"Cumberland, NJ",4.0
34013,"Essex, NJ",6.1
34015,"Gloucester, NJ",4.1
34017,"Hudson, NJ",7.2
34019,"Hunterdon, NJ",4.8
34021,"Mercer, NJ",5.6
34023,"Middlesex, NJ",5.4
34025,"Monmouth, NJ",5.9
34027,"Morris, NJ",5.4
34029,"Ocean, NJ",3.3
34031,"Passaic, NJ",3.6
34033,"Salem, NJ",3.2
34035,"Somerset, NJ",6.0
34037,"Sussex, NJ",4.3
34039,"Union, NJ",5.6
34041,"Warren, NJ",4.2
35001,"Bernalillo, NM",5.6
35003,"Catron, NM",4.1
35005,"Chaves, NM",7.1
35006,"Cibola, NM*",3.2
35007,"Colfax, NM",5.2
35009,"Curry, NM",5.3
35011,"De Baca, NM",5.4
35013,"Do√±a Ana, NM",5.3
35015,"Eddy, NM",9.2
35017,"Grant, NM",6.6
35019,"Guadalupe, NM",6.7
35021,"Harding, NM",3.9
35023,"Hidalgo, NM",6.2
35025,"Lea, NM",8.7
35027,"Lincoln, NM",5.9
35028,"Los Alamos, NM",7.0
35029,"Luna, NM",4.3
35031,"McKinley, NM",4.2
35033,"Mora, NM",5.4
35035,"Otero, NM",3.7
35037,"Quay, NM",5.3
35039,"Rio Arriba, NM",5.6
35041,"Roosevelt, NM",5.5
35043,"Sandoval, NM",6.1
35045,"San Juan, NM",5.8
35047,"San Miguel, NM",5.2
35049,"Santa Fe, NM",7.0
35051,"Sierra, NM",3.8
35053,"Socorro, NM",5.2
35055,"Taos, NM",6.4
35057,"Torrance, NM",7.0
35059,"Union, NM",0.6
35061,"Valencia, NM*",5.9
36001,"Albany, NY",5.1
36003,"Allegany, NY",0.8
36005,"Bronx, NY",1.7
36007,"Broome, NY",3.3
36009,"Cattaraugus, NY",2.8
36011,"Cayuga, NY",3.0
36013,"Chautauqua, NY",3.5
36015,"Chemung, NY",3.0
36017,"Chenango, NY",4.8
36019,"Clinton, NY",4.2
36021,"Columbia, NY",5.7
36023,"Cortland, NY",3.5
36025,"Delaware, NY",3.8
36027,"Dutchess, NY",4.4
36029,"Erie, NY",4.1
36031,"Essex, NY",4.4
36033,"Franklin, NY",5.4
36035,"Fulton, NY",3.4
36037,"Genesee, NY",3.3
36039,"Greene, NY",4.8
36041,"Hamilton, NY",3.2
36043,"Herkimer, NY",2.9
36045,"Jefferson, NY",2.9
36047,"Kings, NY",6.3
36049,"Lewis, NY",3.0
36051,"Livingston, NY",2.4
36053,"Madison, NY",4.1
36055,"Monroe, NY",3.6
36057,"Montgomery, NY",3.1
36059,"Nassau, NY",4.5
36061,"New York, NY",9.0
36063,"Niagara, NY",3.6
36065,"Oneida, NY",4.1
36067,"Onondaga, NY",3.3
36069,"Ontario, NY",3.4
36071,"Orange, NY",3.1
36073,"Orleans, NY",3.2
36075,"Oswego, NY",2.8
36077,"Otsego, NY",1.7
36079,"Putnam, NY",4.5
36081,"Queens, NY",3.9
36083,"Rensselaer, NY",3.8
36085,"Richmond, NY",3.6
36087,"Rockland, NY",3.4
36089,"St. Lawrence, NY",3.5
36091,"Saratoga, NY",5.2
36093,"Schenectady, NY",3.7
36095,"Schoharie, NY",2.8
36097,"Schuyler, NY",3.2
36099,"Seneca, NY",3.9
36101,"Steuben, NY",3.2
36103,"Suffolk, NY",4.8
36105,"Sullivan, NY",4.2
36107,"Tioga, NY",2.8
36109,"Tompkins, NY",2.2
36111,"Ulster, NY",5.1
36113,"Warren, NY",3.8
36115,"Washington, NY",3.3
36117,"Wayne, NY",3.5
36119,"Westchester, NY",5.9
36121,"Wyoming, NY",3.2
36123,"Yates, NY",4.3
37001,"Alamance, NC",5.2
37003,"Alexander, NC",5.5
37005,"Alleghany, NC",4.0
37007,"Anson, NC",6.8
37009,"Ashe, NC",5.9
37011,"Avery, NC",7.7
37013,"Beaufort, NC",5.2
37015,"Bertie, NC",6.2
37017,"Bladen, NC",5.4
37019,"Brunswick, NC",4.9
37021,"Buncombe, NC",7.7
37023,"Burke, NC",5.1
37025,"Cabarrus, NC",5.3
37027,"Caldwell, NC",5.6
37029,"Camden, NC",5.5
37031,"Carteret, NC",6.4
37033,"Caswell, NC",4.4
37035,"Catawba, NC",5.5
37037,"Chatham, NC",7.1
37039,"Cherokee, NC",4.6
37041,"Chowan, NC",6.0
37043,"Clay, NC",5.4
37045,"Cleveland, NC",5.0
37047,"Columbus, NC",4.9
37049,"Craven, NC",5.1
37051,"Cumberland, NC",4.3
37053,"Currituck, NC",6.8
37055,"Dare, NC",7.5
37057,"Davidson, NC",5.5
37059,"Davie, NC",6.1
37061,"Duplin, NC",6.8
37063,"Durham, NC",5.5
37065,"Edgecombe, NC",5.3
37067,"Forsyth, NC",5.3
37069,"Franklin, NC",6.2
37071,"Gaston, NC",5.1
37073,"Gates, NC",5.8
37075,"Graham, NC",4.1
37077,"Granville, NC",5.3
37079,"Greene, NC",4.7
37081,"Guilford, NC",5.7
37083,"Halifax, NC",5.1
37085,"Harnett, NC",6.5
37087,"Haywood, NC",6.1
37089,"Henderson, NC",6.9
37091,"Hertford, NC",5.6
37093,"Hoke, NC",5.0
37095,"Hyde, NC",5.1
37097,"Iredell, NC",5.7
37099,"Jackson, NC",5.1
37101,"Johnston, NC",5.4
37103,"Jones, NC",5.1
37105,"Lee, NC",5.6
37107,"Lenoir, NC",6.1
37109,"Lincoln, NC",6.3
37111,"McDowell, NC",5.9
37113,"Macon, NC",6.3
37115,"Madison, NC",6.6
37117,"Martin, NC",5.0
37119,"Mecklenburg, NC",6.4
37121,"Mitchell, NC",5.3
37123,"Montgomery, NC",4.7
37125,"Moore, NC",5.9
37127,"Nash, NC",4.6
37129,"New Hanover, NC",6.5
37131,"Northampton, NC",6.1
37133,"Onslow, NC",5.1
37135,"Orange, NC",5.4
37137,"Pamlico, NC",5.2
37139,"Pasquotank, NC",6.0
37141,"Pender, NC",6.0
37143,"Perquimans, NC",7.0
37145,"Person, NC",4.7
37147,"Pitt, NC",5.1
37149,"Polk, NC",7.1
37151,"Randolph, NC",5.6
37153,"Richmond, NC",5.6
37155,"Robeson, NC",5.7
37157,"Rockingham, NC",5.6
37159,"Rowan, NC",5.2
37161,"Rutherford, NC",4.8
37163,"Sampson, NC",4.6
37165,"Scotland, NC",4.2
37167,"Stanly, NC",5.3
37169,"Stokes, NC",6.0
37171,"Surry, NC",6.1
37173,"Swain, NC",7.3
37175,"Transylvania, NC",8.3
37177,"Tyrrell, NC",3.0
37179,"Union, NC",7.7
37181,"Vance, NC",4.8
37183,"Wake, NC",7.3
37185,"Warren, NC",3.6
37187,"Washington, NC",5.8
37189,"Watauga, NC",7.1
37191,"Wayne, NC",4.7
37193,"Wilkes, NC",6.2
37195,"Wilson, NC",5.7
37197,"Yadkin, NC",6.2
37199,"Yancey, NC",4.9
38001,"Adams, ND",-2.8
38003,"Barnes, ND",7.1
38005,"Benson, ND",6.6
38007,"Billings, ND",3.6
38009,"Bottineau, ND",6.4
38011,"Bowman, ND",0.8
38013,"Burke, ND",5.7
38015,"Burleigh, ND",6.5
38017,"Cass, ND",6.1
38019,"Cavalier, ND",5.3
38021,"Dickey, ND",14.9
38023,"Divide, ND",3.3
38025,"Dunn, ND",11.8
38027,"Eddy, ND",7.1
38029,"Emmons, ND",2.9
38031,"Foster, ND",4.7
38033,"Golden Valley, ND",-0.8
38035,"Grand Forks, ND",4.9
38037,"Grant, ND",-1.0
38039,"Griggs, ND",8.7
38041,"Hettinger, ND",-3.0
38043,"Kidder, ND",5.4
38045,"LaMoure, ND",11.1
38047,"Logan, ND",6.6
38049,"McHenry, ND",5.2
38051,"McIntosh, ND",2.5
38053,"McKenzie, ND",10.1
38055,"McLean, ND",3.9
38057,"Mercer, ND",2.7
38059,"Morton, ND",4.4
38061,"Mountrail, ND",5.2
38063,"Nelson, ND",7.0
38065,"Oliver, ND",2.2
38067,"Pembina, ND",5.8
38069,"Pierce, ND",5.9
38071,"Ramsey, ND",6.6
38073,"Ransom, ND",11.2
38075,"Renville, ND",5.8
38077,"Richland, ND",11.5
38079,"Rolette, ND",5.3
38081,"Sargent, ND",13.9
38083,"Sheridan, ND",4.4
38085,"Sioux, ND",1.5
38087,"Slope, ND",-9.0
38089,"Stark, ND",5.4
38091,"Steele, ND",5.1
38093,"Stutsman, ND",5.9
38095,"Towner, ND",6.3
38097,"Traill, ND",3.8
38099,"Walsh, ND",5.0
38101,"Ward, ND",5.2
38103,"Wells, ND",7.0
38105,"Williams, ND",7.5
39001,"Adams, OH",4.8
39003,"Allen, OH",4.8
39005,"Ashland, OH",6.2
39007,"Ashtabula, OH",5.4
39009,"Athens, OH",3.2
39011,"Auglaize, OH",5.8
39013,"Belmont, OH",5.6
39015,"Brown, OH",4.8
39017,"Butler, OH",3.8
39019,"Carroll, OH",4.5
39021,"Champaign, OH",3.9
39023,"Clark, OH",4.4
39025,"Clermont, OH",1.5
39027,"Clinton, OH",4.3
39029,"Columbiana, OH",3.9
39031,"Coshocton, OH",4.4
39033,"Crawford, OH",4.8
39035,"Cuyahoga, OH",6.1
39037,"Darke, OH",6.1
39039,"Defiance, OH",4.3
39041,"Delaware, OH",5.6
39043,"Erie, OH",4.9
39045,"Fairfield, OH",4.1
39047,"Fayette, OH",3.7
39049,"Franklin, OH",5.5
39051,"Fulton, OH",4.7
39053,"Gallia, OH",4.0
39055,"Geauga, OH",6.6
39057,"Greene, OH",5.6
39059,"Guernsey, OH",3.4
39061,"Hamilton, OH",6.4
39063,"Hancock, OH",3.8
39065,"Hardin, OH",5.0
39067,"Harrison, OH",5.6
39069,"Henry, OH",4.3
39071,"Highland, OH",4.5
39073,"Hocking, OH",3.6
39075,"Holmes, OH",7.0
39077,"Huron, OH",4.3
39079,"Jackson, OH",2.9
39081,"Jefferson, OH",3.6
39083,"Knox, OH",4.2
39085,"Lake, OH",5.0
39087,"Lawrence, OH",5.8
39089,"Licking, OH",4.6
39091,"Logan, OH",3.3
39093,"Lorain, OH",5.1
39095,"Lucas, OH",4.2
39097,"Madison, OH",4.9
39099,"Mahoning, OH",4.9
39101,"Marion, OH",3.6
39103,"Medina, OH",5.5
39105,"Meigs, OH",3.4
39107,"Mercer, OH",7.9
39109,"Miami, OH",5.2
39111,"Monroe, OH",2.4
39113,"Montgomery, OH",4.3
39115,"Morgan, OH",4.5
39117,"Morrow, OH",4.0
39119,"Muskingum, OH",4.1
39121,"Noble, OH",3.0
39123,"Ottawa, OH",5.2
39125,"Paulding, OH",5.9
39127,"Perry, OH",4.2
39129,"Pickaway, OH",4.5
39131,"Pike, OH",4.1
39133,"Portage, OH",5.6
39135,"Preble, OH",5.4
39137,"Putnam, OH",6.0
39139,"Richland, OH",3.4
39141,"Ross, OH",3.6
39143,"Sandusky, OH",4.7
39145,"Scioto, OH",4.6
39147,"Seneca, OH",3.9
39149,"Shelby, OH",4.2
39151,"Stark, OH",5.3
39153,"Summit, OH",4.8
39155,"Trumbull, OH",4.6
39157,"Tuscarawas, OH",7.7
39159,"Union, OH",6.0
39161,"Van Wert, OH",5.0
39163,"Vinton, OH",3.7
39165,"Warren, OH",5.8
39167,"Washington, OH",5.7
39169,"Wayne, OH",5.9
39171,"Williams, OH",5.1
39173,"Wood, OH",5.8
39175,"Wyandot, OH",6.0
40001,"Adair, OK",6.1
40003,"Alfalfa, OK",6.8
40005,"Atoka, OK",3.2
40007,"Beaver, OK",6.7
40009,"Beckham, OK",4.4
40011,"Blaine, OK",8.4
40013,"Bryan, OK",4.7
40015,"Caddo, OK",4.4
40017,"Canadian, OK",4.9
40019,"Carter, OK",5.1
40021,"Cherokee, OK",5.2
40023,"Choctaw, OK",5.0
40025,"Cimarron, OK",9.0
40027,"Cleveland, OK",4.9
40029,"Coal, OK",5.0
40031,"Comanche, OK",4.2
40033,"Cotton, OK",3.1
40035,"Craig, OK",4.7
40037,"Creek, OK",4.0
40039,"Custer, OK",5.1
40041,"Delaware, OK",6.8
40043,"Dewey, OK",6.2
40045,"Ellis, OK",6.3
40047,"Garfield, OK",4.9
40049,"Garvin, OK",2.8
40051,"Grady, OK",4.4
40053,"Grant, OK",5.6
40055,"Greer, OK",5.9
40057,"Harmon, OK",9.5
40059,"Harper, OK",7.8
40061,"Haskell, OK",6.5
40063,"Hughes, OK",5.0
40065,"Jackson, OK",6.1
40067,"Jefferson, OK",3.8
40069,"Johnston, OK",6.7
40071,"Kay, OK",3.2
40073,"Kingfisher, OK",7.2
40075,"Kiowa, OK",3.9
40077,"Latimer, OK",4.0
40079,"Le Flore, OK",5.2
40081,"Lincoln, OK",3.7
40083,"Logan, OK",4.0
40085,"Love, OK",2.9
40087,"McClain, OK",5.8
40089,"McCurtain, OK",6.3
40091,"McIntosh, OK",3.4
40093,"Major, OK",6.0
40095,"Marshall, OK",5.7
40097,"Mayes, OK",4.5
40099,"Murray, OK",5.1
40101,"Muskogee, OK",5.1
40103,"Noble, OK",3.6
40105,"Nowata, OK",4.9
40107,"Okfuskee, OK",4.4
40109,"Oklahoma, OK",7.7
40111,"Okmulgee, OK",4.8
40113,"Osage, OK",5.4
40115,"Ottawa, OK",4.2
40117,"Pawnee, OK",4.2
40119,"Payne, OK",4.8
40121,"Pittsburg, OK",3.9
40123,"Pontotoc, OK",5.1
40125,"Pottawatomie, OK",4.8
40127,"Pushmataha, OK",4.1
40129,"Roger Mills, OK",6.2
40131,"Rogers, OK",4.2
40133,"Seminole, OK",4.8
40135,"Sequoyah, OK",4.6
40137,"Stephens, OK",5.8
40139,"Texas, OK",7.6
40141,"Tillman, OK",3.1
40143,"Tulsa, OK",8.5
40145,"Wagoner, OK",4.5
40147,"Washington, OK",20.5
40149,"Washita, OK",4.2
40151,"Woods, OK",6.1
40153,"Woodward, OK",4.5
41001,"Baker, OR",5.3
41003,"Benton, OR",6.5
41005,"Clackamas, OR",7.5
41007,"Clatsop, OR",7.0
41009,"Columbia, OR",6.0
41011,"Coos, OR",5.6
41013,"Crook, OR",6.9
41015,"Curry, OR",6.2
41017,"Deschutes, OR",8.2
41019,"Douglas, OR",4.5
41021,"Gilliam, OR",3.8
41023,"Grant, OR",4.7
41025,"Harney, OR",6.1
41027,"Hood River, OR",6.4
41029,"Jackson, OR",6.5
41031,"Jefferson, OR",4.5
41033,"Josephine, OR",4.7
41035,"Klamath, OR",5.7
41037,"Lake, OR",4.8
41039,"Lane, OR",6.8
41041,"Lincoln, OR",6.8
41043,"Linn, OR",5.9
41045,"Malheur, OR",4.5
41047,"Marion, OR",6.1
41049,"Morrow, OR",5.5
41051,"Multnomah, OR",5.9
41053,"Polk, OR",6.3
41055,"Sherman, OR",1.5
41057,"Tillamook, OR",7.6
41059,"Umatilla, OR",5.8
41061,"Union, OR",5.2
41063,"Wallowa, OR",7.3
41065,"Wasco, OR",5.6
41067,"Washington, OR",5.6
41069,"Wheeler, OR",7.1
41071,"Yamhill, OR",6.8
42001,"Adams, PA",3.6
42003,"Allegheny, PA",4.6
42005,"Armstrong, PA",5.5
42007,"Beaver, PA",3.3
42009,"Bedford, PA",4.6
42011,"Berks, PA",4.3
42013,"Blair, PA",4.4
42015,"Bradford, PA",4.1
42017,"Bucks, PA",5.8
42019,"Butler, PA",5.1
42021,"Cambria, PA",3.3
42023,"Cameron, PA",2.2
42025,"Carbon, PA",2.0
42027,"Centre, PA",3.6
42029,"Chester, PA",5.9
42031,"Clarion, PA",3.0
42033,"Clearfield, PA",5.5
42035,"Clinton, PA",2.1
42037,"Columbia, PA",3.5
42039,"Crawford, PA",3.8
42041,"Cumberland, PA",4.3
42043,"Dauphin, PA",3.2
42045,"Delaware, PA",5.2
42047,"Elk, PA",2.4
42049,"Erie, PA",3.0
42051,"Fayette, PA",3.3
42053,"Forest, PA",3.0
42055,"Franklin, PA",4.5
42057,"Fulton, PA",1.4
42059,"Greene, PA",3.9
42061,"Huntingdon, PA",2.5
42063,"Indiana, PA",2.8
42065,"Jefferson, PA",3.2
42067,"Juniata, PA",6.4
42069,"Lackawanna, PA",3.4
42071,"Lancaster, PA",5.0
42073,"Lawrence, PA",3.6
42075,"Lebanon, PA",4.1
42077,"Lehigh, PA",4.4
42079,"Luzerne, PA",3.1
42081,"Lycoming, PA",3.8
42083,"McKean, PA",2.5
42085,"Mercer, PA",3.8
42087,"Mifflin, PA",4.2
42089,"Monroe, PA",4.1
42091,"Montgomery, PA",5.6
42093,"Montour, PA",5.6
42095,"Northampton, PA",4.7
42097,"Northumberland, PA",3.0
42099,"Perry, PA",3.7
42101,"Philadelphia, PA",3.7
42103,"Pike, PA",4.4
42105,"Potter, PA",0.9
42107,"Schuylkill, PA",3.9
42109,"Snyder, PA",5.2
42111,"Somerset, PA",2.8
42113,"Sullivan, PA",4.5
42115,"Susquehanna, PA",6.1
42117,"Tioga, PA",2.9
42119,"Union, PA",3.9
42121,"Venango, PA",3.4
42123,"Warren, PA",3.8
42125,"Washington, PA",7.3
42127,"Wayne, PA",5.1
42129,"Westmoreland, PA",4.5
42131,"Wyoming, PA",3.4
42133,"York, PA",3.9
44001,"Bristol, RI",4.8
44003,"Kent, RI",4.5
44005,"Newport, RI",5.2
44007,"Providence, RI",4.2
44009,"Washington, RI",5.0
45001,"Abbeville, SC",4.8
45003,"Aiken, SC",3.9
45005,"Allendale, SC",5.0
45007,"Anderson, SC",5.0
45009,"Bamberg, SC",5.2
45011,"Barnwell, SC",2.5
45013,"Beaufort, SC",7.3
45015,"Berkeley, SC",6.7
45017,"Calhoun, SC",4.9
45019,"Charleston, SC",6.9
45021,"Cherokee, SC",4.6
45023,"Chester, SC",5.0
45025,"Chesterfield, SC",4.1
45027,"Clarendon, SC",5.4
45029,"Colleton, SC",6.2
45031,"Darlington, SC",4.6
45033,"Dillon, SC",4.4
45035,"Dorchester, SC",5.5
45037,"Edgefield, SC",5.0
45039,"Fairfield, SC",6.4
45041,"Florence, SC",5.5
45043,"Georgetown, SC",5.6
45045,"Greenville, SC",5.4
45047,"Greenwood, SC",3.8
45049,"Hampton, SC",5.6
45051,"Horry, SC",4.9
45053,"Jasper, SC",7.4
45055,"Kershaw, SC",7.4
45057,"Lancaster, SC",5.3
45059,"Laurens, SC",3.6
45061,"Lee, SC",5.8
45063,"Lexington, SC",5.2
45065,"McCormick, SC",5.0
45067,"Marion, SC",4.9
45069,"Marlboro, SC",4.0
45071,"Newberry, SC",5.3
45073,"Oconee, SC",6.0
45075,"Orangeburg, SC",4.7
45077,"Pickens, SC",6.4
45079,"Richland, SC",5.2
45081,"Saluda, SC",5.4
45083,"Spartanburg, SC",3.8
45085,"Sumter, SC",5.2
45087,"Union, SC",3.3
45089,"Williamsburg, SC",3.2
45091,"York, SC",6.1
46003,"Aurora, SD",10.1
46005,"Beadle, SD",6.3
46007,"Bennett, SD",6.4
46009,"Bon Homme, SD",9.0
46011,"Brookings, SD",7.1
46013,"Brown, SD",7.3
46015,"Brule, SD",12.3
46017,"Buffalo, SD",10.6
46019,"Butte, SD",5.6
46021,"Campbell, SD",3.5
46023,"Charles Mix, SD",7.6
46025,"Clark, SD",12.2
46027,"Clay, SD",6.5
46029,"Codington, SD",6.8
46031,"Corson, SD",6.1
46033,"Custer, SD",6.9
46035,"Davison, SD",7.0
46037,"Day, SD",6.6
46039,"Deuel, SD",7.1
46041,"Dewey, SD",3.4
46043,"Douglas, SD",7.5
46045,"Edmunds, SD",12.9
46047,"Fall River, SD",6.3
46049,"Faulk, SD",10.1
46051,"Grant, SD",9.1
46053,"Gregory, SD",7.0
46055,"Haakon, SD",5.7
46057,"Hamlin, SD",9.6
46059,"Hand, SD",9.4
46061,"Hanson, SD",6.1
46063,"Harding, SD",0.6
46065,"Hughes, SD",6.6
46067,"Hutchinson, SD",11.1
46069,"Hyde, SD",4.7
46071,"Jackson, SD",7.1
46073,"Jerauld, SD",14.7
46075,"Jones, SD",5.9
46077,"Kingsbury, SD",6.6
46079,"Lake, SD",12.7
46081,"Lawrence, SD",9.2
46083,"Lincoln, SD",6.5
46085,"Lyman, SD",6.7
46087,"McCook, SD",7.7
46089,"McPherson, SD",10.5
46091,"Marshall, SD",1.7
46093,"Meade, SD",6.3
46095,"Mellette, SD",11.1
46097,"Miner, SD",12.2
46099,"Minnehaha, SD",4.8
46101,"Moody, SD",6.4
46102,"Oglala Lakota, SD*",4.9
46103,"Pennington, SD",6.7
46105,"Perkins, SD",4.5
46107,"Potter, SD",0.7
46109,"Roberts, SD",8.0
46111,"Sanborn, SD",5.7
46115,"Spink, SD",10.8
46117,"Stanley, SD",7.8
46119,"Sully, SD",2.1
46121,"Todd, SD",6.0
46123,"Tripp, SD",6.9
46125,"Turner, SD",12.3
46127,"Union, SD",7.4
46129,"Walworth, SD",7.4
46135,"Yankton, SD",9.5
46137,"Ziebach, SD",10.9
47001,"Anderson, TN",6.4
47003,"Bedford, TN",5.1
47005,"Benton, TN",5.1
47007,"Bledsoe, TN",5.6
47009,"Blount, TN",6.5
47011,"Bradley, TN",5.1
47013,"Campbell, TN",5.3
47015,"Cannon, TN",6.9
47017,"Carroll, TN",4.6
47019,"Carter, TN",4.7
47021,"Cheatham, TN",6.8
47023,"Chester, TN",4.0
47025,"Claiborne, TN",4.5
47027,"Clay, TN",5.4
47029,"Cocke, TN",4.5
47031,"Coffee, TN",5.0
47033,"Crockett, TN",4.3
47035,"Cumberland, TN",5.2
47037,"Davidson, TN",7.9
47039,"Decatur, TN",4.3
47041,"DeKalb, TN",4.5
47043,"Dickson, TN",6.2
47045,"Dyer, TN",5.1
47047,"Fayette, TN",9.0
47049,"Fentress, TN",4.2
47051,"Franklin, TN",5.1
47053,"Gibson, TN",5.2
47055,"Giles, TN",5.7
47057,"Grainger, TN",6.3
47059,"Greene, TN",4.4
47061,"Grundy, TN",3.8
47063,"Hamblen, TN",6.6
47065,"Hamilton, TN",5.2
47067,"Hancock, TN",2.8
47069,"Hardeman, TN",4.2
47071,"Hardin, TN",4.3
47073,"Hawkins, TN",5.2
47075,"Haywood, TN",3.8
47077,"Henderson, TN",5.9
47079,"Henry, TN",5.9
47081,"Hickman, TN",6.1
47083,"Houston, TN",4.1
47085,"Humphreys, TN",4.9
47087,"Jackson, TN",4.2
47089,"Jefferson, TN",5.5
47091,"Johnson, TN",4.4
47093,"Knox, TN",6.3
47095,"Lake, TN",7.2
47097,"Lauderdale, TN",4.2
47099,"Lawrence, TN",4.7
47101,"Lewis, TN",4.3
47103,"Lincoln, TN",4.7
47105,"Loudon, TN",6.7
47107,"McMinn, TN",3.8
47109,"McNairy, TN",3.8
47111,"Macon, TN",5.6
47113,"Madison, TN",5.8
47115,"Marion, TN",6.5
47117,"Marshall, TN",5.3
47119,"Maury, TN",6.1
47121,"Meigs, TN",3.2
47123,"Monroe, TN",4.9
47125,"Montgomery, TN",4.8
47127,"Moore, TN",4.5
47129,"Morgan, TN",5.6
47131,"Obion, TN",5.8
47133,"Overton, TN",3.8
47135,"Perry, TN",1.8
47137,"Pickett, TN",-0.1
47139,"Polk, TN",5.7
47141,"Putnam, TN",4.9
47143,"Rhea, TN",5.1
47145,"Roane, TN",5.2
47147,"Robertson, TN",6.5
47149,"Rutherford, TN",6.1
47151,"Scott, TN",4.7
47153,"Sequatchie, TN",5.7
47155,"Sevier, TN",8.2
47157,"Shelby, TN",5.1
47159,"Smith, TN",5.1
47161,"Stewart, TN",3.5
47163,"Sullivan, TN",5.2
47165,"Sumner, TN",7.3
47167,"Tipton, TN",6.0
47169,"Trousdale, TN",6.1
47171,"Unicoi, TN",5.1
47173,"Union, TN",6.2
47175,"Van Buren, TN",2.6
47177,"Warren, TN",4.2
47179,"Washington, TN",5.6
47181,"Wayne, TN",5.6
47183,"Weakley, TN",5.3
47185,"White, TN",4.3
47187,"Williamson, TN",9.0
47189,"Wilson, TN",8.1
48001,"Anderson, TX",6.0
48003,"Andrews, TX",5.8
48005,"Angelina, TX",6.1
48007,"Aransas, TX",7.3
48009,"Archer, TX",5.9
48011,"Armstrong, TX",5.9
48013,"Atascosa, TX",4.4
48015,"Austin, TX",5.8
48017,"Bailey, TX",4.0
48019,"Bandera, TX",4.6
48021,"Bastrop, TX",5.7
48023,"Baylor, TX",4.3
48025,"Bee, TX",4.6
48027,"Bell, TX",3.8
48029,"Bexar, TX",6.1
48031,"Blanco, TX",6.4
48033,"Borden, TX",33.6
48035,"Bosque, TX",6.9
48037,"Bowie, TX",4.2
48039,"Brazoria, TX",4.6
48041,"Brazos, TX",5.1
48043,"Brewster, TX",5.7
48045,"Briscoe, TX",11.4
48047,"Brooks, TX",4.2
48049,"Brown, TX",5.1
48051,"Burleson, TX",5.9
48053,"Burnet, TX",5.9
48055,"Caldwell, TX",5.3
48057,"Calhoun, TX",0.6
48059,"Callahan, TX",3.6
48061,"Cameron, TX",4.7
48063,"Camp, TX",4.1
48065,"Carson, TX",9.1
48067,"Cass, TX",4.1
48069,"Castro, TX",11.2
48071,"Chambers, TX",4.1
48073,"Cherokee, TX",4.2
48075,"Childress, TX",7.6
48077,"Clay, TX",5.4
48079,"Cochran, TX",2.6
48081,"Coke, TX",5.5
48083,"Coleman, TX",7.1
48085,"Collin, TX",6.6
48087,"Collingsworth, TX",7.2
48089,"Colorado, TX",5.0
48091,"Comal, TX",6.2
48093,"Comanche, TX",5.1
48095,"Concho, TX",5.7
48097,"Cooke, TX",4.5
48099,"Coryell, TX",4.1
48101,"Cottle, TX",21.3
48103,"Crane, TX",5.5
48105,"Crockett, TX",6.6
48107,"Crosby, TX",7.6
48109,"Culberson, TX",13.9
48111,"Dallam, TX",5.5
48113,"Dallas, TX",6.6
48115,"Dawson, TX",8.2
48117,"Deaf Smith, TX",9.8
48119,"Delta, TX",3.9
48121,"Denton, TX",6.6
48123,"DeWitt, TX",12.0
48125,"Dickens, TX",7.8
48127,"Dimmit, TX",4.2
48129,"Donley, TX",4.5
48131,"Duval, TX",4.3
48133,"Eastland, TX",1.4
48135,"Ector, TX",6.3
48137,"Edwards, TX",4.9
48139,"Ellis, TX",5.6
48141,"El Paso, TX",5.3
48143,"Erath, TX",6.0
48145,"Falls, TX",6.0
48147,"Fannin, TX",4.9
48149,"Fayette, TX",5.4
48151,"Fisher, TX",9.0
48153,"Floyd, TX",5.4
48155,"Foard, TX",6.1
48157,"Fort Bend, TX",5.6
48159,"Franklin, TX",6.5
48161,"Freestone, TX",4.9
48163,"Frio, TX",5.2
48165,"Gaines, TX",6.5
48167,"Galveston, TX",5.1
48169,"Garza, TX",17.4
48171,"Gillespie, TX",6.8
48173,"Glasscock, TX",10.3
48175,"Goliad, TX",6.5
48177,"Gonzales, TX",9.1
48179,"Gray, TX",5.5
48181,"Grayson, TX",5.2
48183,"Gregg, TX",6.0
48185,"Grimes, TX",3.7
48187,"Guadalupe, TX",6.2
48189,"Hale, TX",4.8
48191,"Hall, TX",8.6
48193,"Hamilton, TX",3.8
48195,"Hansford, TX",14.2
48197,"Hardeman, TX",5.8
48199,"Hardin, TX",3.7
48201,"Harris, TX",7.7
48203,"Harrison, TX",4.4
48205,"Hartley, TX",8.6
48207,"Haskell, TX",7.6
48209,"Hays, TX",7.8
48211,"Hemphill, TX",9.6
48213,"Henderson, TX",5.1
48215,"Hidalgo, TX",3.4
48217,"Hill, TX",4.5
48219,"Hockley, TX",3.3
48221,"Hood, TX",4.4
48223,"Hopkins, TX",6.7
48225,"Houston, TX",5.7
48227,"Howard, TX",12.6
48229,"Hudspeth, TX",2.9
48231,"Hunt, TX",4.7
48233,"Hutchinson, TX",3.9
48235,"Irion, TX",7.1
48237,"Jack, TX",7.5
48239,"Jackson, TX",4.6
48241,"Jasper, TX",4.7
48243,"Jeff Davis, TX",9.2
48245,"Jefferson, TX",3.4
48247,"Jim Hogg, TX",4.3
48249,"Jim Wells, TX",3.6
48251,"Johnson, TX",5.5
48253,"Jones, TX",5.6
48255,"Karnes, TX",13.7
48257,"Kaufman, TX",5.1
48259,"Kendall, TX",3.9
48261,"Kenedy, TX",-2.0
48263,"Kent, TX",15.7
48265,"Kerr, TX",6.2
48267,"Kimble, TX",6.0
48269,"King, TX",19.3
48271,"Kinney, TX",3.9
48273,"Kleberg, TX",6.2
48275,"Knox, TX",3.4
48277,"Lamar, TX",3.6
48279,"Lamb, TX",7.8
48281,"Lampasas, TX",4.5
48283,"La Salle, TX",6.4
48285,"Lavaca, TX",6.8
48287,"Lee, TX",2.8
48289,"Leon, TX",8.5
48291,"Liberty, TX",2.9
48293,"Limestone, TX",6.6
48295,"Lipscomb, TX",14.6
48297,"Live Oak, TX",6.7
48299,"Llano, TX",9.5
48301,"Loving, TX",30.2
48303,"Lubbock, TX",4.5
48305,"Lynn, TX",15.0
48307,"McCulloch, TX",7.6
48309,"McLennan, TX",5.8
48311,"McMullen, TX",19.0
48313,"Madison, TX",6.5
48315,"Marion, TX",5.8
48317,"Martin, TX",13.8
48319,"Mason, TX",5.6
48321,"Matagorda, TX",3.4
48323,"Maverick, TX",5.0
48325,"Medina, TX",4.8
48327,"Menard, TX",4.3
48329,"Midland, TX",11.8
48331,"Milam, TX",7.6
48333,"Mills, TX",5.4
48335,"Mitchell, TX",6.8
48337,"Montague, TX",5.1
48339,"Montgomery, TX",5.0
48341,"Moore, TX",7.2
48343,"Morris, TX",4.6
48345,"Motley, TX",10.9
48347,"Nacogdoches, TX",6.5
48349,"Navarro, TX",4.2
48351,"Newton, TX",3.4
48353,"Nolan, TX",6.6
48355,"Nueces, TX",5.6
48357,"Ochiltree, TX",10.3
48359,"Oldham, TX",8.5
48361,"Orange, TX",3.5
48363,"Palo Pinto, TX",5.5
48365,"Panola, TX",7.9
48367,"Parker, TX",6.8
48369,"Parmer, TX",9.9
48371,"Pecos, TX",7.7
48373,"Polk, TX",3.5
48375,"Potter, TX",5.4
48377,"Presidio, TX",5.8
48379,"Rains, TX",4.0
48381,"Randall, TX",4.8
48383,"Reagan, TX",8.9
48385,"Real, TX",5.1
48387,"Red River, TX",4.9
48389,"Reeves, TX",18.0
48391,"Refugio, TX",6.0
48393,"Roberts, TX",7.8
48395,"Robertson, TX",7.0
48397,"Rockwall, TX",4.5
48399,"Runnels, TX",6.0
48401,"Rusk, TX",3.6
48403,"Sabine, TX",4.4
48405,"San Augustine, TX",8.8
48407,"San Jacinto, TX",3.8
48409,"San Patricio, TX",3.8
48411,"San Saba, TX",4.5
48413,"Schleicher, TX",6.5
48415,"Scurry, TX",6.6
48417,"Shackelford, TX",3.1
48419,"Shelby, TX",9.9
48421,"Sherman, TX",20.5
48423,"Smith, TX",6.7
48425,"Somervell, TX",7.4
48427,"Starr, TX",1.2
48429,"Stephens, TX",3.9
48431,"Sterling, TX",6.9
48433,"Stonewall, TX",9.0
48435,"Sutton, TX",4.6
48437,"Swisher, TX",12.3
48439,"Tarrant, TX",6.9
48441,"Taylor, TX",5.6
48443,"Terrell, TX",6.7
48445,"Terry, TX",5.5
48447,"Throckmorton, TX",6.3
48449,"Titus, TX",7.3
48451,"Tom Green, TX",5.7
48453,"Travis, TX",8.4
48455,"Trinity, TX",4.1
48457,"Tyler, TX",4.1
48459,"Upshur, TX",4.6
48461,"Upton, TX",17.4
48463,"Uvalde, TX",5.2
48465,"Val Verde, TX",5.6
48467,"Van Zandt, TX",4.8
48469,"Victoria, TX",3.5
48471,"Walker, TX",5.4
48473,"Waller, TX",5.4
48475,"Ward, TX",11.6
48477,"Washington, TX",7.9
48479,"Webb, TX",5.2
48481,"Wharton, TX",4.8
48483,"Wheeler, TX",5.6
48485,"Wichita, TX",5.7
48487,"Wilbarger, TX",7.5
48489,"Willacy, TX",3.1
48491,"Williamson, TX",8.2
48493,"Wilson, TX",5.1
48495,"Winkler, TX",8.5
48497,"Wise, TX",5.4
48499,"Wood, TX",4.3
48501,"Yoakum, TX",8.1
48503,"Young, TX",9.5
48505,"Zapata, TX",4.7
48507,"Zavala, TX",6.5
49001,"Beaver, UT",-1.6
49003,"Box Elder, UT",6.8
49005,"Cache, UT",5.6
49007,"Carbon, UT",4.6
49009,"Daggett, UT",2.2
49011,"Davis, UT",7.3
49013,"Duchesne, UT",7.4
49015,"Emery, UT",3.3
49017,"Garfield, UT",8.0
49019,"Grand, UT",7.5
49021,"Iron, UT",5.0
49023,"Juab, UT",6.7
49025,"Kane, UT",4.8
49027,"Millard, UT",7.0
49029,"Morgan, UT",7.4
49031,"Piute, UT",8.3
49033,"Rich, UT",7.0
49035,"Salt Lake, UT",7.8
49037,"San Juan, UT",6.1
49039,"Sanpete, UT",5.9
49041,"Sevier, UT",5.2
49043,"Summit, UT",16.7
49045,"Tooele, UT",6.1
49047,"Uintah, UT",7.8
49049,"Utah, UT",6.9
49051,"Wasatch, UT",10.1
49053,"Washington, UT",6.3
49055,"Wayne, UT",4.7
49057,"Weber, UT",6.7
50001,"Addison, VT",4.8
50003,"Bennington, VT",5.6
50005,"Caledonia, VT",4.0
50007,"Chittenden, VT",6.0
50009,"Essex, VT",3.2
50011,"Franklin, VT",3.4
50013,"Grand Isle, VT",4.3
50015,"Lamoille, VT",5.7
50017,"Orange, VT",3.8
50019,"Orleans, VT",3.5
50021,"Rutland, VT",4.0
50023,"Washington, VT",4.7
50025,"Windham, VT",3.8
50027,"Windsor, VT",4.4
51001,"Accomack, VA",0.9
51007,"Amelia, VA",6.0
51009,"Amherst, VA",5.2
51011,"Appomattox, VA",4.9
51013,"Arlington, VA",8.1
51017,"Bath, VA",3.5
51019,"Bedford, VA*",4.7
51021,"Bland, VA",5.9
51023,"Botetourt, VA",5.2
51025,"Brunswick, VA",7.6
51027,"Buchanan, VA",7.6
51029,"Buckingham, VA",5.7
51033,"Caroline, VA",5.2
51036,"Charles City, VA",4.4
51037,"Charlotte, VA",6.6
51041,"Chesterfield, VA",4.7
51043,"Clarke, VA",6.5
51045,"Craig, VA",5.9
51047,"Culpeper, VA",5.2
51049,"Cumberland, VA",5.6
51051,"Dickenson, VA",6.2
51057,"Essex, VA",5.3
51061,"Fauquier, VA",6.0
51063,"Floyd, VA",7.2
51065,"Fluvanna, VA",5.9
51067,"Franklin, VA",6.4
51071,"Giles, VA",6.9
51073,"Gloucester, VA",5.4
51075,"Goochland, VA",8.2
51077,"Grayson, VA",5.3
51079,"Greene, VA",6.1
51083,"Halifax, VA",6.6
51085,"Hanover, VA",5.9
51087,"Henrico, VA",3.9
51091,"Highland, VA",4.7
51093,"Isle of Wight, VA",5.9
51097,"King and Queen, VA",5.1
51099,"King George, VA",3.7
51101,"King William, VA",4.7
51103,"Lancaster, VA",7.8
51105,"Lee, VA",6.3
51107,"Loudoun, VA",6.3
51109,"Louisa, VA",4.3
51111,"Lunenburg, VA",4.5
51113,"Madison, VA",5.7
51115,"Mathews, VA",5.5
51117,"Mecklenburg, VA",6.2
51119,"Middlesex, VA",5.0
51125,"Nelson, VA",5.7
51127,"New Kent, VA",13.1
51131,"Northampton, VA",3.8
51133,"Northumberland, VA",4.9
51135,"Nottoway, VA",8.1
51137,"Orange, VA",4.2
51139,"Page, VA",5.5
51141,"Patrick, VA",5.8
51145,"Powhatan, VA",5.1
51147,"Prince Edward, VA",5.8
51155,"Pulaski, VA",6.4
51157,"Rappahannock, VA",8.7
51159,"Richmond, VA",2.0
51167,"Russell, VA",5.2
51169,"Scott, VA",6.5
51171,"Shenandoah, VA",4.8
51173,"Smyth, VA",6.3
51179,"Stafford, VA",5.0
51181,"Surry, VA",6.1
51183,"Sussex, VA",4.3
51185,"Tazewell, VA",6.1
51187,"Warren, VA",5.6
51193,"Westmoreland, VA",3.7
51197,"Wythe, VA",6.2
51510,"Alexandria (Independent City), VA",8.0
51550,"Chesapeake (Independent City), VA",5.7
51650,"Hampton (Independent City), VA",4.8
51700,"Newport News (Independent City), VA",5.2
51710,"Norfolk (Independent City), VA",6.9
51740,"Portsmouth (Independent City), VA",4.1
51760,"Richmond (Independent City), VA",7.1
51770,"Roanoke (Independent City), VA",7.0
51800,"Suffolk (Independent City), VA",6.5
51810,"Virginia Beach (Independent City), VA",6.7
51901,"Albemarle + Charlottesville, VA*",10.7
51903,"Alleghany + Covington, VA*",5.5
51907,"Augusta, Staunton + Waynesboro, VA*",5.2
51911,"Campbell + Lynchburg, VA*",5.3
51913,"Carroll + Galax, VA*",5.8
51918,"Dinwiddie, Colonial Heights + Petersburg, VA*",4.7
51919,"Fairfax, Fairfax City + Falls Church, VA*",7.4
51921,"Frederick + Winchester, VA*",5.9
51923,"Greensville + Emporia, VA*",6.4
51929,"Henry + Martinsville, VA*",6.1
51931,"James City + Williamsburg, VA*",6.6
51933,"Montgomery + Radford, VA*",7.5
51939,"Pittsylvania + Danville, VA*",6.3
51941,"Prince George + Hopewell, VA*",3.9
51942,"Prince William, Manassas + Manassas Park, VA*",5.3
51944,"Roanoke + Salem, VA*",6.1
51945,"Rockbridge, Buena Vista + Lexington, VA*",5.8
51947,"Rockingham + Harrisonburg, VA*",6.4
51949,"Southampton + Franklin, VA*",5.2
51951,"Spotsylvania + Fredericksburg, VA*",5.6
51953,"Washington + Bristol, VA*",5.6
51955,"Wise + Norton, VA*",6.0
51958,"York + Poquoson, VA*",6.2
53001,"Adams, WA",7.4
53003,"Asotin, WA",4.6
53005,"Benton, WA",3.8
53007,"Chelan, WA",5.4
53009,"Clallam, WA",5.9
53011,"Clark, WA",6.5
53013,"Columbia, WA",2.9
53015,"Cowlitz, WA",5.3
53017,"Douglas, WA",4.5
53019,"Ferry, WA",3.1
53021,"Franklin, WA",4.3
53023,"Garfield, WA",0.9
53025,"Grant, WA",2.8
53027,"Grays Harbor, WA",4.6
53029,"Island, WA",5.7
53031,"Jefferson, WA",6.6
53033,"King, WA",7.3
53035,"Kitsap, WA",5.8
53037,"Kittitas, WA",5.7
53039,"Klickitat, WA",3.5
53041,"Lewis, WA",6.9
53043,"Lincoln, WA",0.6
53045,"Mason, WA",4.6
53047,"Okanogan, WA",3.9
53049,"Pacific, WA",4.8
53051,"Pend Oreille, WA",4.1
53053,"Pierce, WA",5.0
53055,"San Juan, WA",4.8
53057,"Skagit, WA",4.8
53059,"Skamania, WA",7.2
53061,"Snohomish, WA",6.1
53063,"Spokane, WA",6.0
53065,"Stevens, WA",5.0
53067,"Thurston, WA",5.9
53069,"Wahkiakum, WA",4.3
53071,"Walla Walla, WA",4.2
53073,"Whatcom, WA",4.8
53075,"Whitman, WA",3.5
53077,"Yakima, WA",3.7
54001,"Barbour, WV",3.7
54003,"Berkeley, WV",5.4
54005,"Boone, WV",4.2
54007,"Braxton, WV",2.8
54009,"Brooke, WV",6.0
54011,"Cabell, WV",5.8
54013,"Calhoun, WV",4.7
54015,"Clay, WV",3.7
54017,"Doddridge, WV",6.3
54019,"Fayette, WV",5.4
54021,"Gilmer, WV",5.7
54023,"Grant, WV",4.4
54025,"Greenbrier, WV",4.6
54027,"Hampshire, WV",4.1
54029,"Hancock, WV",5.5
54031,"Hardy, WV",6.9
54033,"Harrison, WV",6.4
54035,"Jackson, WV",4.8
54037,"Jefferson, WV",5.9
54039,"Kanawha, WV",6.2
54041,"Lewis, WV",4.9
54043,"Lincoln, WV",4.1
54045,"Logan, WV",5.4
54047,"McDowell, WV",5.0
54049,"Marion, WV",4.5
54051,"Marshall, WV",6.8
54053,"Mason, WV",4.7
54055,"Mercer, WV",5.2
54057,"Mineral, WV",2.2
54059,"Mingo, WV",5.0
54061,"Monongalia, WV",5.8
54063,"Monroe, WV",4.2
54065,"Morgan, WV",3.3
54067,"Nicholas, WV",5.4
54069,"Ohio, WV",6.5
54071,"Pendleton, WV",5.5
54073,"Pleasants, WV",5.7
54075,"Pocahontas, WV",3.7
54077,"Preston, WV",3.9
54079,"Putnam, WV",5.1
54081,"Raleigh, WV",5.9
54083,"Randolph, WV",4.8
54085,"Ritchie, WV",6.6
54087,"Roane, WV",3.5
54089,"Summers, WV",5.4
54091,"Taylor, WV",6.1
54093,"Tucker, WV",6.5
54095,"Tyler, WV",13.1
54097,"Upshur, WV",5.9
54099,"Wayne, WV",5.3
54101,"Webster, WV",1.4
54103,"Wetzel, WV",6.6
54105,"Wirt, WV",5.8
54107,"Wood, WV",7.0
54109,"Wyoming, WV",5.2
55001,"Adams, WI",1.7
55003,"Ashland, WI",4.4
55005,"Barron, WI",3.5
55007,"Bayfield, WI",3.4
55009,"Brown, WI",4.6
55011,"Buffalo, WI",4.7
55013,"Burnett, WI",4.6
55015,"Calumet, WI",4.6
55017,"Chippewa, WI",4.3
55019,"Clark, WI",2.0
55021,"Columbia, WI",6.3
55023,"Crawford, WI",3.6
55025,"Dane, WI",6.0
55027,"Dodge, WI",5.8
55029,"Door, WI",5.8
55031,"Douglas, WI",4.9
55033,"Dunn, WI",4.5
55035,"Eau Claire, WI",5.4
55037,"Florence, WI",5.7
55039,"Fond du Lac, WI",4.6
55041,"Forest, WI",3.5
55043,"Grant, WI",4.1
55045,"Green, WI",5.2
55047,"Green Lake, WI",4.1
55049,"Iowa, WI",5.1
55051,"Iron, WI",4.0
55053,"Jackson, WI",2.5
55055,"Jefferson, WI",5.9
55057,"Juneau, WI",4.9
55059,"Kenosha, WI",5.4
55061,"Kewaunee, WI",3.9
55063,"La Crosse, WI",5.0
55065,"Lafayette, WI",4.6
55067,"Langlade, WI",3.9
55069,"Lincoln, WI",4.3
55071,"Manitowoc, WI",5.3
55073,"Marathon, WI",4.9
55075,"Marinette, WI",4.4
55077,"Marquette, WI",3.5
55078,"Menominee, WI*",4.0
55079,"Milwaukee, WI",5.7
55081,"Monroe, WI",4.7
55083,"Oconto, WI",3.4
55085,"Oneida, WI",4.9
55087,"Outagamie, WI",5.7
55089,"Ozaukee, WI",6.3
55091,"Pepin, WI",5.2
55093,"Pierce, WI",6.4
55095,"Polk, WI",4.8
55097,"Portage, WI",4.5
55099,"Price, WI",5.0
55101,"Racine, WI",5.8
55103,"Richland, WI",4.2
55105,"Rock, WI",5.5
55107,"Rusk, WI",5.2
55109,"St. Croix, WI",5.9
55111,"Sauk, WI",5.7
55113,"Sawyer, WI",5.1
55115,"Shawano, WI*",3.5
55117,"Sheboygan, WI",5.1
55119,"Taylor, WI",2.5
55121,"Trempealeau, WI",3.9
55123,"Vernon, WI",4.3
55125,"Vilas, WI",6.6
55127,"Walworth, WI",7.3
55129,"Washburn, WI",4.6
55131,"Washington, WI",6.0
55133,"Waukesha, WI",6.2
55135,"Waupaca, WI",4.7
55137,"Waushara, WI",3.6
55139,"Winnebago, WI",4.8
55141,"Wood, WI",4.5
55901,"Shawano (includes Menominee), WI*",(NA)
56001,"Albany, WY",5.4
56003,"Big Horn, WY",5.2
56005,"Campbell, WY",4.8
56007,"Carbon, WY",3.8
56009,"Converse, WY",3.0
56011,"Crook, WY",7.9
56013,"Fremont, WY",5.3
56015,"Goshen, WY",4.6
56017,"Hot Springs, WY",-3.8
56019,"Johnson, WY",7.1
56021,"Laramie, WY",5.5
56023,"Lincoln, WY",10.8
56025,"Natrona, WY",8.2
56027,"Niobrara, WY",4.8
56029,"Park, WY",8.0
56031,"Platte, WY",4.3
56033,"Sheridan, WY",7.7
56035,"Sublette, WY",4.2
56037,"Sweetwater, WY",5.5
56039,"Teton, WY",16.5
56041,"Uinta, WY",5.4
56043,"Washakie, WY",1.7
56045,"Weston, WY",4.3